banco,fecha,url,tipo,palabras,h,d,indice,terminos,diccionario
Fed,2015-01-28,https://www.federalreserve.gov/newsevents/pressreleases/monetary20150128a.htm,Comunicado FOMC,585,4,8,-0.333,"{""accommodation"": 1, ""accommodative"": 1, ""moderate"": 1, ""patient"": 1, ""remove policy accommodation"": 1, ""solid"": 1, ""strong"": 1, ""support"": 1}",1.0213cd75
Fed,2015-03-18,https://www.federalreserve.gov/newsevents/pressreleases/monetary20150318a.htm,Comunicado FOMC,599,5,9,-0.286,"{""accommodation"": 1, ""accommodative"": 1, ""moderate"": 1, ""moderated"": 1, ""raise the target range"": 1, ""remove policy accommodation"": 1, ""strong"": 1, ""support"": 1, ""weakened"": 1}",1.0213cd75
Fed,2015-04-29,https://www.federalreserve.gov/newsevents/pressreleases/monetary20150429a.htm,Comunicado FOMC,576,4,13,-0.529,"{""accommodation"": 1, ""accommodative"": 1, ""moderate"": 1, ""moderated"": 1, ""raise the target range"": 1, ""remove policy accommodation"": 1, ""slowed"": 2, ""softened"": 1, ""support"": 1}",1.0213cd75
Fed,2015-06-17,https://www.federalreserve.gov/newsevents/pressreleases/monetary20150617a.htm,Comunicado FOMC,561,4,8,-0.333,"{""accommodation"": 1, ""accommodative"": 1, ""moderate"": 2, ""raise the target range"": 1, ""remove policy accommodation"": 1, ""soft"": 1, ""support"": 1}",1.0213cd75
Fed,2015-07-29,https://www.federalreserve.gov/newsevents/pressreleases/monetary20150729a.htm,Comunicado FOMC,555,5,8,-0.231,"{""accommodation"": 1, ""accommodative"": 1, ""moderate"": 2, ""raise the target range"": 1, ""remove policy accommodation"": 1, ""soft"": 1, ""solid"": 1, ""support"": 1}",1.0213cd75
Fed,2015-09-17,https://www.federalreserve.gov/newsevents/pressreleases/monetary20150917a.htm,Comunicado FOMC,603,7,10,-0.176,"{""accommodation"": 1, ""accommodative"": 1, ""downward"": 1, ""moderate"": 2, ""raise the target range"": 2, ""remove policy accommodation"": 1, ""soft"": 1, ""solid"": 1, ""support"": 1}",1.0213cd75
Fed,2015-10-28,https://www.federalreserve.gov/newsevents/pressreleases/monetary20151028a.htm,Comunicado FOMC,594,9,10,-0.053,"{""accommodation"": 1, ""accommodative"": 1, ""moderate"": 2, ""raise the target range"": 3, ""remove policy accommodation"": 1, ""slowed"": 1, ""soft"": 1, ""solid"": 1, ""support"": 1}",1.0213cd75
Fed,2015-12-16,https://www.federalreserve.gov/newsevents/pressreleases/monetary20151216a.htm,Comunicado FOMC,608,7,7,0.0,"{""accommodative"": 2, ""gradual"": 2, ""moderate"": 2, ""normalization"": 1, ""raise the target range"": 1, ""soft"": 1, ""solid"": 1}",1.0213cd75
Fed,2016-01-27,https://www.federalreserve.gov/newsevents/pressreleases/monetary20160127a.htm,Comunicado FOMC,574,5,11,-0.375,"{""accommodative"": 2, ""gradual"": 2, ""moderate"": 2, ""normalization"": 1, ""slowed"": 2, ""soft"": 1, ""strong"": 1}",1.0213cd75
Fed,2016-03-16,https://www.federalreserve.gov/newsevents/pressreleases/monetary20160316a.htm,Comunicado FOMC,585,7,8,-0.067,"{""accommodative"": 2, ""gradual"": 2, ""moderate"": 3, ""normalization"": 1, ""raise the target range"": 1, ""soft"": 1, ""strong"": 1}",1.0213cd75
Fed,2016-04-27,https://www.federalreserve.gov/newsevents/pressreleases/monetary20160427a.htm,Comunicado FOMC,590,8,9,-0.059,"{""accommodative"": 2, ""gradual"": 2, ""moderate"": 1, ""moderated"": 1, ""normalization"": 1, ""raise the target range"": 1, ""slowed"": 1, ""soft"": 1, ""solid"": 1, ""strong"": 1}",1.0213cd75
Fed,2016-06-15,https://www.federalreserve.gov/newsevents/pressreleases/monetary20160615a.htm,Comunicado FOMC,556,4,8,-0.333,"{""accommodative"": 2, ""gradual"": 2, ""moderate"": 1, ""normalization"": 1, ""slowed"": 1, ""soft"": 1}",1.0213cd75
Fed,2016-07-27,https://www.federalreserve.gov/newsevents/pressreleases/monetary20160727a.htm,Comunicado FOMC,580,7,7,0.0,"{""accommodative"": 2, ""gradual"": 2, ""moderate"": 2, ""normalization"": 1, ""raise the target range"": 1, ""soft"": 1, ""strong"": 1}",1.0213cd75
Fed,2016-09-21,https://www.federalreserve.gov/newsevents/pressreleases/monetary20160921a.htm,Comunicado FOMC,618,7,7,0.0,"{""accommodative"": 2, ""gradual"": 2, ""moderate"": 1, ""normalization"": 1, ""raise the target range"": 1, ""soft"": 1, ""solid"": 1, ""wait"": 1}",1.0213cd75
Fed,2016-11-02,https://www.federalreserve.gov/newsevents/pressreleases/monetary20161102a.htm,Comunicado FOMC,612,7,7,0.0,"{""accommodative"": 2, ""gradual"": 2, ""moderate"": 1, ""normalization"": 1, ""raise the target range"": 1, ""soft"": 1, ""solid"": 1, ""wait"": 1}",1.0213cd75
Fed,2016-12-14,https://www.federalreserve.gov/newsevents/pressreleases/monetary20161214a.htm,Comunicado FOMC,553,7,7,0.0,"{""accommodative"": 2, ""gradual"": 2, ""moderate"": 2, ""normalization"": 1, ""raise the target range"": 1, ""soft"": 1, ""solid"": 1}",1.0213cd75
Fed,2017-02-01,https://www.federalreserve.gov/newsevents/pressreleases/monetary20170201a.htm,Comunicado FOMC,515,5,7,-0.167,"{""accommodative"": 2, ""gradual"": 2, ""moderate"": 2, ""normalization"": 1, ""soft"": 1, ""solid"": 1}",1.0213cd75
Fed,2017-03-15,https://www.federalreserve.gov/newsevents/pressreleases/monetary20170315a.htm,Comunicado FOMC,537,7,6,0.077,"{""accommodative"": 2, ""gradual"": 2, ""moderate"": 2, ""normalization"": 1, ""raise the target range"": 1, ""solid"": 1}",1.0213cd75
Fed,2017-05-03,https://www.federalreserve.gov/newsevents/pressreleases/monetary20170503a.htm,Comunicado FOMC,533,6,9,-0.2,"{""accommodative"": 2, ""gradual"": 2, ""moderate"": 1, ""normalization"": 1, ""slowed"": 1, ""slowing"": 1, ""solid"": 2}",1.0213cd75
Fed,2017-06-14,https://www.federalreserve.gov/newsevents/pressreleases/monetary20170614a.htm,Comunicado FOMC,565,9,5,0.286,"{""accommodative"": 1, ""gradual"": 2, ""moderate"": 1, ""moderated"": 1, ""normalization"": 2, ""raise the target range"": 1, ""reinvestment"": 1, ""solid"": 1}",1.0213cd75
Fed,2017-07-26,https://www.federalreserve.gov/newsevents/pressreleases/monetary20170726a.htm,Comunicado FOMC,519,7,3,0.4,"{""accommodative"": 1, ""gradual"": 2, ""moderate"": 1, ""normalization"": 2, ""solid"": 1}",1.0213cd75
Fed,2017-09-20,https://www.federalreserve.gov/newsevents/pressreleases/monetary20170920a.htm,Comunicado FOMC,546,7,4,0.273,"{""accommodative"": 1, ""gradual"": 2, ""moderate"": 2, ""normalization"": 2, ""solid"": 1}",1.0213cd75
Fed,2017-11-01,https://www.federalreserve.gov/newsevents/pressreleases/monetary20171101a.htm,Comunicado FOMC,525,5,5,0.0,"{""accommodative"": 1, ""gradual"": 2, ""moderate"": 2, ""normalization"": 1, ""soft"": 1, ""solid"": 1}",1.0213cd75
Fed,2017-12-13,https://www.federalreserve.gov/newsevents/pressreleases/monetary20171213a.htm,Comunicado FOMC,499,8,4,0.333,"{""accommodative"": 1, ""gradual"": 2, ""moderate"": 2, ""raise the target range"": 1, ""solid"": 2, ""strong"": 1, ""strong labor market"": 1}",1.0213cd75
Fed,2018-01-31,https://www.federalreserve.gov/newsevents/pressreleases/monetary20180131a.htm,Comunicado FOMC,433,6,3,0.333,"{""accommodative"": 1, ""gradual"": 2, ""moderate"": 1, ""solid"": 2, ""strong"": 1, ""strong labor market"": 1}",1.0213cd75
Fed,2018-03-21,https://www.federalreserve.gov/newsevents/pressreleases/monetary20180321a.htm,Comunicado FOMC,460,8,5,0.231,"{""accommodative"": 1, ""gradual"": 2, ""moderate"": 2, ""moderated"": 1, ""raise the target range"": 1, ""strong"": 3, ""strong labor market"": 1}",1.0213cd75
Fed,2018-05-02,https://www.federalreserve.gov/newsevents/pressreleases/monetary20180502a.htm,Comunicado FOMC,433,6,5,0.091,"{""accommodative"": 1, ""gradual"": 2, ""moderate"": 2, ""moderated"": 1, ""strong"": 3, ""strong labor market"": 1}",1.0213cd75
Fed,2018-06-13,https://www.federalreserve.gov/newsevents/pressreleases/monetary20180613a.htm,Comunicado FOMC,330,7,2,0.556,"{""accommodative"": 1, ""gradual"": 1, ""raise the target range"": 1, ""solid"": 1, ""strong"": 1, ""strong labor market"": 2}",1.0213cd75
Fed,2018-08-01,https://www.federalreserve.gov/newsevents/pressreleases/monetary20180801a.htm,Comunicado FOMC,318,5,2,0.429,"{""accommodative"": 1, ""gradual"": 1, ""strong"": 2, ""strong labor market"": 2}",1.0213cd75
Fed,2018-09-26,https://www.federalreserve.gov/newsevents/pressreleases/monetary20180926a.htm,Comunicado FOMC,301,6,0,1.0,"{""gradual"": 1, ""raise the target range"": 1, ""strong"": 2, ""strong labor market"": 1}",1.0213cd75
Fed,2018-11-08,https://www.federalreserve.gov/newsevents/pressreleases/monetary20181108a.htm,Comunicado FOMC,314,4,1,0.6,"{""gradual"": 1, ""moderated"": 1, ""strong"": 2, ""strong labor market"": 1}",1.0213cd75
Fed,2018-12-19,https://www.federalreserve.gov/newsevents/pressreleases/monetary20181219a.htm,Comunicado FOMC,341,6,1,0.714,"{""gradual"": 1, ""moderated"": 1, ""raise the target range"": 1, ""strong"": 2, ""strong labor market"": 1}",1.0213cd75
Fed,2019-01-30,https://www.federalreserve.gov/newsevents/pressreleases/monetary20190130a.htm,Comunicado FOMC,340,3,5,-0.25,"{""moderated"": 1, ""patient"": 1, ""solid"": 1, ""strong"": 1, ""strong labor market"": 1, ""support"": 2}",1.0213cd75
Fed,2019-03-20,https://www.federalreserve.gov/newsevents/pressreleases/monetary20190320a.htm,Comunicado FOMC,356,4,6,-0.2,"{""patient"": 1, ""slowed"": 1, ""solid"": 2, ""strong"": 1, ""strong labor market"": 1, ""support"": 2}",1.0213cd75
Fed,2019-05-01,https://www.federalreserve.gov/newsevents/pressreleases/monetary20190501a.htm,Comunicado FOMC,332,4,6,-0.2,"{""patient"": 1, ""slowed"": 1, ""solid"": 2, ""strong"": 1, ""strong labor market"": 1, ""support"": 2}",1.0213cd75
Fed,2019-06-19,https://www.federalreserve.gov/newsevents/pressreleases/monetary20190619a.htm,Comunicado FOMC,305,4,3,0.143,"{""moderate"": 1, ""soft"": 1, ""solid"": 1, ""strong"": 1, ""strong labor market"": 2, ""support"": 1}",1.0213cd75
Fed,2019-07-31,https://www.federalreserve.gov/newsevents/pressreleases/monetary20190731a.htm,Comunicado FOMC,350,4,4,0.0,"{""lower the target range"": 1, ""moderate"": 1, ""soft"": 1, ""solid"": 1, ""strong"": 1, ""strong labor market"": 2}",1.0213cd75
Fed,2019-09-18,https://www.federalreserve.gov/newsevents/pressreleases/monetary20190918a.htm,Comunicado FOMC,321,5,5,0.0,"{""lower the target range"": 1, ""moderate"": 1, ""solid"": 1, ""strong"": 2, ""strong labor market"": 2, ""weakened"": 1}",1.0213cd75
Fed,2019-10-11,https://www.federalreserve.gov/newsevents/pressreleases/monetary20191011a.htm,Comunicado FOMC,726,2,2,0.0,"{""normalization"": 1, ""reinvestment"": 1, ""support"": 1}",1.0213cd75
Fed,2019-10-30,https://www.federalreserve.gov/newsevents/pressreleases/monetary20191030a.htm,Comunicado FOMC,300,4,3,0.143,"{""lower the target range"": 1, ""moderate"": 1, ""solid"": 1, ""strong"": 2, ""strong labor market"": 1}",1.0213cd75
Fed,2019-12-11,https://www.federalreserve.gov/newsevents/pressreleases/monetary20191211a.htm,Comunicado FOMC,285,4,2,0.333,"{""moderate"": 1, ""solid"": 1, ""strong"": 2, ""strong labor market"": 1, ""support"": 1}",1.0213cd75
Fed,2020-01-29,https://www.federalreserve.gov/newsevents/pressreleases/monetary20200129a.htm,Comunicado FOMC,286,3,3,0.0,"{""moderate"": 2, ""solid"": 1, ""strong"": 1, ""strong labor market"": 1, ""support"": 1}",1.0213cd75
Fed,2020-03-03,https://www.federalreserve.gov/newsevents/pressreleases/monetary20200303a.htm,Comunicado FOMC,99,1,4,-0.6,"{""lower the target range"": 1, ""strong"": 1, ""support"": 2}",1.0213cd75
Fed,2020-03-15,https://www.federalreserve.gov/newsevents/pressreleases/monetary20200315a.htm,Comunicado FOMC,531,4,9,-0.385,"{""lower the target range"": 1, ""moderate"": 2, ""reinvest"": 1, ""solid"": 1, ""strong"": 2, ""strong labor market"": 1, ""support"": 4}",1.0213cd75
Fed,2020-03-23,https://www.federalreserve.gov/newsevents/pressreleases/monetary20200323a.htm,Comunicado FOMC,597,0,7,-1.0,"{""reinvest"": 1, ""support"": 6}",1.0213cd75
Fed,2020-03-31,https://www.federalreserve.gov/newsevents/pressreleases/monetary20200331a.htm,Comunicado FOMC,278,0,6,-1.0,"{""ease"": 1, ""support"": 4}",1.0213cd75
Fed,2020-04-29,https://www.federalreserve.gov/newsevents/pressreleases/monetary20200429a.htm,Comunicado FOMC,400,0,6,-1.0,"{""support"": 4, ""weaker"": 1}",1.0213cd75
Fed,2020-06-10,https://www.federalreserve.gov/newsevents/pressreleases/monetary20200610a.htm,Comunicado FOMC,403,0,6,-1.0,"{""support"": 4, ""weaker"": 1}",1.0213cd75
Fed,2020-07-29,https://www.federalreserve.gov/newsevents/pressreleases/monetary20200729a.htm,Comunicado FOMC,424,0,8,-1.0,"{""support"": 4, ""weaker"": 1, ""well below"": 1}",1.0213cd75
Fed,2020-08-27,https://www.federalreserve.gov/newsevents/pressreleases/monetary20200827a.htm,Comunicado FOMC,634,2,2,0.0,"{""moderate"": 2, ""robust"": 1, ""strong labor market"": 1}",1.0213cd75
Fed,2020-09-16,https://www.federalreserve.gov/newsevents/pressreleases/monetary20200916a.htm,Comunicado FOMC,430,0,10,-1.0,"{""accommodative"": 2, ""support"": 2, ""weaker"": 1, ""well below"": 1}",1.0213cd75
Fed,2020-11-05,https://www.federalreserve.gov/newsevents/pressreleases/monetary20201105a.htm,Comunicado FOMC,427,0,12,-1.0,"{""accommodative"": 3, ""support"": 2, ""weaker"": 1, ""well below"": 1}",1.0213cd75
Fed,2020-12-16,https://www.federalreserve.gov/newsevents/pressreleases/monetary20201216a.htm,Comunicado FOMC,450,0,14,-1.0,"{""accommodative"": 3, ""asset purchases"": 1, ""support"": 2, ""weaker"": 1, ""well below"": 1}",1.0213cd75
Fed,2021-01-27,https://www.federalreserve.gov/newsevents/pressreleases/monetary20210127a.htm,Comunicado FOMC,452,0,13,-1.0,"{""accommodative"": 3, ""asset purchases"": 1, ""moderated"": 1, ""support"": 2, ""weaker"": 1}",1.0213cd75
Fed,2021-03-17,https://www.federalreserve.gov/newsevents/pressreleases/monetary20210317a.htm,Comunicado FOMC,446,0,10,-1.0,"{""accommodative"": 3, ""asset purchases"": 1, ""support"": 2}",1.0213cd75
Fed,2021-04-28,https://www.federalreserve.gov/newsevents/pressreleases/monetary20210428a.htm,Comunicado FOMC,443,1,11,-0.833,"{""accommodative"": 3, ""asset purchases"": 1, ""strong"": 1, ""support"": 3}",1.0213cd75
Fed,2021-06-16,https://www.federalreserve.gov/newsevents/pressreleases/monetary20210616a.htm,Comunicado FOMC,441,1,11,-0.833,"{""accommodative"": 3, ""asset purchases"": 1, ""strong"": 1, ""support"": 3}",1.0213cd75
Fed,2021-07-28,https://www.federalreserve.gov/newsevents/pressreleases/monetary20210728a.htm,Comunicado FOMC,455,1,11,-0.833,"{""accommodative"": 3, ""asset purchases"": 1, ""strong"": 1, ""support"": 3}",1.0213cd75
Fed,2021-09-22,https://www.federalreserve.gov/newsevents/pressreleases/monetary20210922a.htm,Comunicado FOMC,473,1,15,-0.875,"{""accommodative"": 3, ""asset purchases"": 2, ""slowed"": 1, ""strong"": 1, ""support"": 3}",1.0213cd75
Fed,2021-11-03,https://www.federalreserve.gov/newsevents/pressreleases/monetary20211103a.htm,Comunicado FOMC,579,1,18,-0.895,"{""accommodative"": 3, ""asset purchases"": 2, ""easing"": 1, ""slowed"": 1, ""strong"": 1, ""support"": 4}",1.0213cd75
Fed,2021-12-15,https://www.federalreserve.gov/newsevents/pressreleases/monetary20211215a.htm,Comunicado FOMC,489,2,15,-0.765,"{""accommodative"": 2, ""asset purchases"": 2, ""easing"": 1, ""solid"": 1, ""strong"": 1, ""support"": 5}",1.0213cd75
Fed,2022-01-26,https://www.federalreserve.gov/newsevents/pressreleases/monetary20220126a.htm,Comunicado FOMC,396,4,11,-0.467,"{""accommodative"": 2, ""asset purchases"": 1, ""easing"": 1, ""raise the target range"": 1, ""solid"": 1, ""strong labor market"": 1, ""support"": 3}",1.0213cd75
Fed,2022-03-16,https://www.federalreserve.gov/newsevents/pressreleases/monetary20220316a.htm,Comunicado FOMC,287,12,2,0.714,"{""firming"": 1, ""inflation remains elevated"": 1, ""price pressures"": 1, ""raise the target range"": 1, ""reducing its holdings"": 1, ""strong"": 2, ""support"": 1, ""uncertain"": 1, ""upward pressure"": 1}",1.0213cd75
Fed,2022-05-04,https://www.federalreserve.gov/newsevents/pressreleases/monetary20220504a.htm,Comunicado FOMC,334,14,2,0.75,"{""firming"": 1, ""highly attentive"": 1, ""inflation remains elevated"": 1, ""price pressures"": 1, ""raise the target range"": 1, ""reducing its holdings"": 1, ""robust"": 1, ""strong"": 2, ""support"": 1, ""uncertain"": 1, ""upward pressure"": 1}",1.0213cd75
Fed,2022-06-15,https://www.federalreserve.gov/newsevents/pressreleases/monetary20220615a.htm,Comunicado FOMC,300,10,1,0.818,"{""highly attentive"": 1, ""inflation remains elevated"": 1, ""price pressures"": 1, ""raise the target range"": 1, ""reducing its holdings"": 1, ""robust"": 1, ""support"": 1, ""upward pressure"": 1}",1.0213cd75
Fed,2022-07-27,https://www.federalreserve.gov/newsevents/pressreleases/monetary20220727a.htm,Comunicado FOMC,280,10,3,0.538,"{""highly attentive"": 1, ""inflation remains elevated"": 1, ""price pressures"": 1, ""raise the target range"": 1, ""reducing its holdings"": 1, ""robust"": 1, ""softened"": 1, ""support"": 1, ""upward pressure"": 1}",1.0213cd75
Fed,2022-09-21,https://www.federalreserve.gov/newsevents/pressreleases/monetary20220921a.htm,Comunicado FOMC,281,10,1,0.818,"{""highly attentive"": 1, ""inflation remains elevated"": 1, ""price pressures"": 1, ""raise the target range"": 1, ""reducing its holdings"": 1, ""robust"": 1, ""support"": 1, ""upward pressure"": 1}",1.0213cd75
Fed,2022-11-02,https://www.federalreserve.gov/newsevents/pressreleases/monetary20221102a.htm,Comunicado FOMC,341,14,1,0.867,"{""highly attentive"": 1, ""inflation remains elevated"": 1, ""price pressures"": 1, ""raise the target range"": 1, ""reducing its holdings"": 1, ""robust"": 1, ""sufficiently restrictive"": 1, ""support"": 1, ""tightening"": 1, ""upward pressure"": 1}",1.0213cd75
Fed,2022-12-14,https://www.federalreserve.gov/newsevents/pressreleases/monetary20221214a.htm,Comunicado FOMC,341,14,1,0.867,"{""highly attentive"": 1, ""inflation remains elevated"": 1, ""price pressures"": 1, ""raise the target range"": 1, ""reducing its holdings"": 1, ""robust"": 1, ""sufficiently restrictive"": 1, ""support"": 1, ""tightening"": 1, ""upward pressure"": 1}",1.0213cd75
Fed,2023-02-01,https://www.federalreserve.gov/newsevents/pressreleases/monetary20230201a.htm,Comunicado FOMC,300,9,4,0.385,"{""highly attentive"": 1, ""inflation has eased"": 1, ""raise the target range"": 1, ""reducing its holdings"": 1, ""robust"": 1, ""sufficiently restrictive"": 1, ""support"": 1, ""tightening"": 1, ""uncertainty"": 1}",1.0213cd75
Fed,2023-03-22,https://www.federalreserve.gov/newsevents/pressreleases/monetary20230322a.htm,Comunicado FOMC,335,14,2,0.75,"{""additional policy firming"": 1, ""highly attentive"": 1, ""inflation remains elevated"": 1, ""raise the target range"": 1, ""reducing its holdings"": 1, ""resilient"": 1, ""robust"": 1, ""sufficiently restrictive"": 1, ""support"": 1, ""tightening"": 1, ""uncertain"": 1}",1.0213cd75
Fed,2023-05-03,https://www.federalreserve.gov/newsevents/pressreleases/monetary20230503a.htm,Comunicado FOMC,301,12,2,0.714,"{""additional policy firming"": 1, ""highly attentive"": 1, ""inflation remains elevated"": 1, ""raise the target range"": 1, ""reducing its holdings"": 1, ""resilient"": 1, ""robust"": 1, ""support"": 1, ""tightening"": 1, ""uncertain"": 1}",1.0213cd75
Fed,2023-06-14,https://www.federalreserve.gov/newsevents/pressreleases/monetary20230614a.htm,Comunicado FOMC,311,10,2,0.667,"{""additional policy firming"": 1, ""highly attentive"": 1, ""inflation remains elevated"": 1, ""reducing its holdings"": 1, ""resilient"": 1, ""robust"": 1, ""support"": 1, ""tightening"": 1, ""uncertain"": 1}",1.0213cd75
Fed,2023-07-26,https://www.federalreserve.gov/newsevents/pressreleases/monetary20230726a.htm,Comunicado FOMC,303,12,3,0.6,"{""additional policy firming"": 1, ""highly attentive"": 1, ""inflation remains elevated"": 1, ""moderate"": 1, ""raise the target range"": 1, ""reducing its holdings"": 1, ""resilient"": 1, ""robust"": 1, ""support"": 1, ""tightening"": 1, ""uncertain"": 1}",1.0213cd75
Fed,2023-09-20,https://www.federalreserve.gov/newsevents/pressreleases/monetary20230920a.htm,Comunicado FOMC,305,11,4,0.467,"{""additional policy firming"": 1, ""highly attentive"": 1, ""inflation remains elevated"": 1, ""reducing its holdings"": 1, ""resilient"": 1, ""slowed"": 1, ""solid"": 1, ""strong"": 1, ""support"": 1, ""tightening"": 1, ""uncertain"": 1}",1.0213cd75
Fed,2023-11-01,https://www.federalreserve.gov/newsevents/pressreleases/monetary20231101a.htm,Comunicado FOMC,311,11,3,0.571,"{""additional policy firming"": 1, ""highly attentive"": 1, ""inflation remains elevated"": 1, ""moderated"": 1, ""reducing its holdings"": 1, ""resilient"": 1, ""strong"": 2, ""support"": 1, ""tightening"": 1, ""uncertain"": 1}",1.0213cd75
Fed,2023-12-13,https://www.federalreserve.gov/newsevents/pressreleases/monetary20231213a.htm,Comunicado FOMC,322,9,7,0.125,"{""additional policy firming"": 1, ""highly attentive"": 1, ""inflation has eased"": 1, ""moderated"": 1, ""reducing its holdings"": 1, ""resilient"": 1, ""slowed"": 1, ""strong"": 2, ""support"": 1, ""tightening"": 1, ""uncertain"": 1}",1.0213cd75
Fed,2024-01-31,https://www.federalreserve.gov/newsevents/pressreleases/monetary20240131a.htm,Comunicado FOMC,298,4,7,-0.273,"{""highly attentive"": 1, ""inflation has eased"": 1, ""moderated"": 1, ""reduce the target range"": 1, ""reducing its holdings"": 1, ""solid"": 1, ""strong"": 1, ""support"": 1, ""uncertain"": 1}",1.0213cd75
Fed,2024-03-20,https://www.federalreserve.gov/newsevents/pressreleases/monetary20240320a.htm,Comunicado FOMC,292,4,6,-0.2,"{""highly attentive"": 1, ""inflation has eased"": 1, ""reduce the target range"": 1, ""reducing its holdings"": 1, ""solid"": 1, ""strong"": 1, ""support"": 1, ""uncertain"": 1}",1.0213cd75
Fed,2024-05-01,https://www.federalreserve.gov/newsevents/pressreleases/monetary20240501a.htm,Comunicado FOMC,367,4,7,-0.273,"{""highly attentive"": 1, ""inflation has eased"": 1, ""reduce the target range"": 1, ""reducing its holdings"": 1, ""reinvest"": 1, ""solid"": 1, ""strong"": 1, ""support"": 1, ""uncertain"": 1}",1.0213cd75
Fed,2024-06-12,https://www.federalreserve.gov/newsevents/pressreleases/monetary20240612a.htm,Comunicado FOMC,305,4,6,-0.2,"{""highly attentive"": 1, ""inflation has eased"": 1, ""reduce the target range"": 1, ""reducing its holdings"": 1, ""solid"": 1, ""strong"": 1, ""support"": 1, ""uncertain"": 1}",1.0213cd75
Fed,2024-07-31,https://www.federalreserve.gov/newsevents/pressreleases/monetary20240731a.htm,Comunicado FOMC,311,2,9,-0.636,"{""inflation has eased"": 1, ""moderated"": 1, ""reduce the target range"": 1, ""reducing its holdings"": 1, ""solid"": 1, ""support"": 1, ""uncertain"": 1, ""unemployment rate has moved up"": 1}",1.0213cd75
Fed,2024-09-18,https://www.federalreserve.gov/newsevents/pressreleases/monetary20240918a.htm,Comunicado FOMC,294,2,7,-0.556,"{""lower the target range"": 1, ""reducing its holdings"": 1, ""slowed"": 1, ""solid"": 1, ""uncertain"": 1, ""unemployment rate has moved up"": 1}",1.0213cd75
Fed,2024-11-07,https://www.federalreserve.gov/newsevents/pressreleases/monetary20241107a.htm,Comunicado FOMC,281,2,8,-0.6,"{""eased"": 1, ""lower the target range"": 1, ""reducing its holdings"": 1, ""solid"": 1, ""support"": 1, ""uncertain"": 1, ""unemployment rate has moved up"": 1}",1.0213cd75
Fed,2024-12-18,https://www.federalreserve.gov/newsevents/pressreleases/monetary20241218a.htm,Comunicado FOMC,286,2,8,-0.6,"{""eased"": 1, ""lower the target range"": 1, ""reducing its holdings"": 1, ""solid"": 1, ""support"": 1, ""uncertain"": 1, ""unemployment rate has moved up"": 1}",1.0213cd75
Fed,2025-01-29,https://www.federalreserve.gov/newsevents/pressreleases/monetary20250129a.htm,Comunicado FOMC,271,3,2,0.2,"{""reducing its holdings"": 1, ""solid"": 2, ""support"": 1, ""uncertain"": 1}",1.0213cd75
Fed,2025-03-19,https://www.federalreserve.gov/newsevents/pressreleases/monetary20250319a.htm,Comunicado FOMC,301,3,2,0.2,"{""reducing its holdings"": 1, ""solid"": 2, ""support"": 1, ""uncertainty"": 1}",1.0213cd75
Fed,2025-05-07,https://www.federalreserve.gov/newsevents/pressreleases/monetary20250507a.htm,Comunicado FOMC,278,4,2,0.333,"{""higher inflation"": 1, ""reducing its holdings"": 1, ""solid"": 2, ""support"": 1, ""uncertainty"": 1}",1.0213cd75
Fed,2025-06-18,https://www.federalreserve.gov/newsevents/pressreleases/monetary20250618a.htm,Comunicado FOMC,260,3,2,0.2,"{""reducing its holdings"": 1, ""solid"": 2, ""support"": 1, ""uncertainty"": 1}",1.0213cd75
Fed,2025-07-30,https://www.federalreserve.gov/newsevents/pressreleases/monetary20250730a.htm,Comunicado FOMC,260,2,3,-0.2,"{""moderated"": 1, ""reducing its holdings"": 1, ""solid"": 1, ""support"": 1, ""uncertainty"": 1}",1.0213cd75
Fed,2025-08-22,https://www.federalreserve.gov/newsevents/pressreleases/monetary20250822a.htm,Comunicado FOMC,204,0,0,,{},1.0213cd75
Fed,2025-09-17,https://www.federalreserve.gov/newsevents/pressreleases/monetary20250917a.htm,Comunicado FOMC,275,1,9,-0.8,"{""downside risks"": 1, ""lower the target range"": 1, ""moderated"": 1, ""reducing its holdings"": 1, ""slowed"": 1, ""support"": 1, ""uncertainty"": 1}",1.0213cd75
Fed,2025-10-29,https://www.federalreserve.gov/newsevents/pressreleases/monetary20251029a.htm,Comunicado FOMC,287,0,9,-1.0,"{""downside risks"": 1, ""lower the target range"": 1, ""moderate"": 1, ""slowed"": 1, ""support"": 1, ""uncertainty"": 1}",1.0213cd75
Fed,2025-12-10,https://www.federalreserve.gov/newsevents/pressreleases/monetary20251210a.htm,Comunicado FOMC,308,0,9,-1.0,"{""downside risks"": 1, ""lower the target range"": 1, ""moderate"": 1, ""slowed"": 1, ""support"": 1, ""uncertainty"": 1}",1.0213cd75
Fed,2026-01-28,https://www.federalreserve.gov/newsevents/pressreleases/monetary20260128a.htm,Comunicado FOMC,233,1,2,-0.333,"{""solid"": 1, ""support"": 1, ""uncertainty"": 1}",1.0213cd75
Fed,2026-03-18,https://www.federalreserve.gov/newsevents/pressreleases/monetary20260318a.htm,Comunicado FOMC,249,1,3,-0.5,"{""solid"": 1, ""support"": 1, ""uncertain"": 1, ""uncertainty"": 1}",1.0213cd75
Fed,2026-04-29,https://www.federalreserve.gov/newsevents/pressreleases/monetary20260429a.htm,Comunicado FOMC,255,1,2,-0.333,"{""solid"": 1, ""support"": 1, ""uncertainty"": 1}",1.0213cd75
Fed,2026-06-17,https://www.federalreserve.gov/newsevents/pressreleases/monetary20260617a.htm,Comunicado FOMC,140,4,2,0.333,"{""inflation remains elevated"": 1, ""solid"": 1, ""strong"": 1, ""support"": 1, ""uncertainty"": 1}",1.0213cd75
Fed,2026-07-29,https://www.federalreserve.gov/newsevents/pressreleases/monetary20260729a.htm,Comunicado FOMC,175,6,2,0.5,"{""inflation remains elevated"": 1, ""raise the target range"": 1, ""solid"": 1, ""strong"": 1, ""support"": 1, ""uncertainty"": 1}",1.0213cd75
Fed,2026-09-16,https://www.federalreserve.gov/newsevents/pressreleases/monetary20260916a.htm,Comunicado FOMC,139,8,3,0.455,"{""inflation remains elevated"": 1, ""raise the target range"": 1, ""resilient"": 1, ""robust"": 1, ""solid"": 1, ""strong"": 1, ""support"": 2, ""uncertainty"": 1}",1.0213cd75
BCE,2015-01-22,https://www.ecb.europa.eu/press/press_conference/monetary-policy-statement/2015/html/is150122.en.html,Declaración introductoria,6901,12,65,-0.688,"{""accommodation"": 3, ""accommodative"": 1, ""asset purchase programme"": 5, ""asset purchases"": 10, ""determined"": 1, ""ease"": 1, ""easing"": 1, ""firm"": 1, ""gradual"": 2, ""lower interest rates"": 1, ""lowered interest rates"": 1, ""moderate"": 1, ""moderated"": 1, ""negative interest rate"": 1, ""price pressures"": 1, ""raise"": 2, ""stimulus"": 1, ""subdued"": 1, ""support"": 7, ""tightening"": 1, ""weaker"": 2, ""will raise"": 1}",1.0213cd75
BCE,2015-03-05,https://www.ecb.europa.eu/press/press_conference/monetary-policy-statement/2015/html/is150305.en.html,Declaración introductoria,5518,11,30,-0.463,"{""accommodation"": 1, ""accommodative"": 2, ""asset purchase programme"": 4, ""decline in inflation"": 1, ""determined"": 1, ""eased"": 1, ""easing"": 1, ""firm"": 2, ""firming"": 1, ""gradual"": 2, ""quantitative easing"": 1, ""raise"": 3, ""strong"": 1, ""subdued"": 1, ""support"": 4, ""uncertainty"": 1, ""weaker"": 1}",1.0213cd75
BCE,2015-04-15,https://www.ecb.europa.eu/press/press_conference/monetary-policy-statement/2015/html/is150415.en.html,Declaración introductoria,7197,20,46,-0.394,"{""accommodative"": 4, ""asset purchase programme"": 1, ""determined"": 1, ""downside risks"": 1, ""ease"": 1, ""eased"": 3, ""firm"": 2, ""firming"": 1, ""gradual"": 3, ""lower inflation"": 1, ""premature"": 4, ""quantitative easing"": 4, ""raise"": 3, ""sluggish"": 1, ""strong"": 1, ""subdued"": 1, ""support"": 6, ""supportive"": 1, ""uncertainty"": 4, ""weaker"": 1}",1.0213cd75
BCE,2015-06-03,https://www.ecb.europa.eu/press/press_conference/monetary-policy-statement/2015/html/is150603.en.html,Declaración introductoria,6217,31,28,0.051,"{""accommodative"": 2, ""asset purchases"": 1, ""deteriorated"": 1, ""downside risks"": 1, ""downward"": 1, ""easing"": 1, ""firm"": 1, ""gradual"": 1, ""higher inflation"": 2, ""raise"": 3, ""resilient"": 1, ""robust"": 1, ""sluggish"": 1, ""strong"": 16, ""subdued"": 1, ""support"": 5, ""tighten"": 1, ""tightening"": 2, ""uncertainty"": 1, ""weakening"": 1, ""weaker"": 1}",1.0213cd75
BCE,2015-07-16,https://www.ecb.europa.eu/press/press_conference/monetary-policy-statement/2015/html/is150716.en.html,Declaración introductoria,7043,20,47,-0.403,"{""accommodative"": 4, ""asset purchases"": 4, ""cut"": 3, ""deteriorated"": 1, ""downside risks"": 1, ""easing"": 1, ""firm"": 1, ""gradual"": 2, ""lower inflation"": 1, ""moderate"": 1, ""raise"": 5, ""recession"": 1, ""robust"": 2, ""slowdown"": 1, ""sluggish"": 1, ""strong"": 2, ""subdued"": 1, ""support"": 6, ""tightening"": 4, ""uncertainty"": 2, ""wait"": 1}",1.0213cd75
BCE,2015-09-03,https://www.ecb.europa.eu/press/press_conference/monetary-policy-statement/2015/html/is150903.en.html,Declaración introductoria,6314,20,68,-0.545,"{""accommodative"": 3, ""asset purchase programme"": 4, ""asset purchases"": 2, ""cut"": 1, ""downside risk"": 2, ""downside risks"": 5, ""downward"": 1, ""easing"": 1, ""gradual"": 1, ""lower inflation"": 1, ""premature"": 3, ""quantitative easing"": 1, ""raise"": 2, ""raising"": 1, ""resilient"": 1, ""robust"": 2, ""slowdown"": 2, ""sluggish"": 1, ""stimulus"": 1, ""strong"": 1, ""subdued"": 1, ""support"": 3, ""supportive"": 1, ""tightened"": 1, ""tightening"": 2, ""uncertainty"": 1, ""weakening"": 3, ""weaker"": 3}",1.0213cd75
BCE,2015-10-22,https://www.ecb.europa.eu/press/press_conference/monetary-policy-statement/2015/html/is151022.en.html,Declaración introductoria,6355,21,77,-0.571,"{""accommodation"": 3, ""accommodative"": 4, ""asset purchase programme"": 5, ""asset purchases"": 2, ""cuts"": 1, ""determined"": 1, ""downside risk"": 1, ""downside risks"": 5, ""eased"": 1, ""easing"": 2, ""firming"": 1, ""gradual"": 2, ""raise"": 2, ""raising"": 1, ""rate cut"": 1, ""rate cuts"": 1, ""rate increases"": 1, ""recession"": 2, ""resilient"": 5, ""slowed"": 1, ""slowing"": 1, ""sluggish"": 1, ""solid"": 1, ""stimulus"": 1, ""strong"": 1, ""support"": 5, ""tightening"": 1, ""uncertainty"": 4, ""vigilant"": 1, ""wait"": 2, ""weaker"": 1}",1.0213cd75
BCE,2015-12-03,https://www.ecb.europa.eu/press/press_conference/monetary-policy-statement/2015/html/is151203.en.html,Declaración introductoria,6433,13,97,-0.764,"{""accommodation"": 6, ""accommodative"": 4, ""asset purchase programme"": 5, ""asset purchases"": 2, ""cut"": 5, ""cuts"": 2, ""downside risks"": 1, ""downward"": 5, ""easing"": 1, ""gradual"": 2, ""lower inflation"": 1, ""moderate"": 1, ""premature"": 1, ""price pressures"": 1, ""raise"": 4, ""raising"": 1, ""rate cut"": 1, ""reinvest"": 2, ""reinvestment"": 4, ""resilient"": 1, ""slowing"": 1, ""sluggish"": 1, ""solid"": 1, ""stimulus"": 3, ""subdued"": 2, ""support"": 3, ""weakening"": 1, ""weaker"": 2, ""well below"": 1}",1.0213cd75
BCE,2016-01-21,https://www.ecb.europa.eu/press/press_conference/monetary-policy-statement/2016/html/is160121.en.html,Declaración introductoria,6501,16,52,-0.529,"{""accommodative"": 2, ""asset purchases"": 2, ""cut"": 2, ""cuts"": 1, ""determined"": 1, ""downside risks"": 2, ""downward"": 2, ""eased"": 1, ""easing"": 2, ""firm"": 1, ""gradual"": 2, ""higher inflation"": 1, ""patient"": 1, ""raise"": 2, ""reinvest"": 2, ""resilient"": 3, ""slowdown"": 1, ""sluggish"": 1, ""soft"": 1, ""solid"": 1, ""stimulus"": 1, ""strong"": 1, ""subdued"": 1, ""support"": 3, ""tightening"": 1, ""uncertainty"": 1, ""vigilant"": 1, ""wait"": 1, ""weaker"": 2, ""well below"": 1}",1.0213cd75
BCE,2016-03-10,https://www.ecb.europa.eu/press/press_conference/monetary-policy-statement/2016/html/is160310.en.html,Declaración introductoria,7102,11,60,-0.69,"{""accommodative"": 5, ""asset purchase programme"": 2, ""asset purchases"": 4, ""cut"": 1, ""downward"": 1, ""ease"": 2, ""easing"": 3, ""gradual"": 3, ""moderate"": 1, ""raise"": 1, ""resilient"": 1, ""sluggish"": 1, ""solid"": 3, ""stimulus"": 2, ""strong"": 1, ""subdued"": 1, ""support"": 6, ""tightening"": 1, ""uncertain"": 1, ""weakened"": 1, ""weakening"": 2, ""weaker"": 1}",1.0213cd75
BCE,2016-04-21,https://www.ecb.europa.eu/press/press_conference/monetary-policy-statement/2016/html/is160421.en.html,Declaración introductoria,5790,13,48,-0.574,"{""accommodation"": 2, ""accommodative"": 4, ""asset purchase programme"": 3, ""asset purchases"": 2, ""cut"": 1, ""ease"": 1, ""eased"": 1, ""easing"": 1, ""firming"": 1, ""gradual"": 1, ""higher inflation"": 1, ""moderate"": 2, ""patient"": 2, ""raise"": 1, ""resilient"": 2, ""robust"": 1, ""slowing"": 1, ""solid"": 1, ""stimulus"": 1, ""subdued"": 1, ""support"": 4, ""tightening"": 2, ""uncertainty"": 1, ""wait"": 1}",1.0213cd75
BCE,2016-06-02,https://www.ecb.europa.eu/press/press_conference/monetary-policy-statement/2016/html/is160602.en.html,Declaración introductoria,6313,11,60,-0.69,"{""accommodation"": 1, ""accommodative"": 3, ""asset purchases"": 2, ""below target"": 1, ""deterioration"": 1, ""downside risks"": 1, ""downward"": 2, ""ease"": 1, ""easing"": 1, ""gradual"": 2, ""lower inflation"": 1, ""moderate"": 1, ""patience"": 1, ""raise"": 2, ""resilient"": 1, ""robust"": 1, ""sluggish"": 3, ""stimulus"": 8, ""strong"": 1, ""subdued"": 1, ""support"": 2, ""tighten"": 1, ""tightening"": 1, ""weakening"": 1, ""weaker"": 1}",1.0213cd75
BCE,2016-07-21,https://www.ecb.europa.eu/press/press_conference/monetary-policy-statement/2016/html/is160721.en.html,Declaración introductoria,6351,13,46,-0.559,"{""accommodation"": 1, ""accommodative"": 6, ""asset purchase programme"": 1, ""asset purchases"": 3, ""downside risk"": 2, ""gradual"": 3, ""moderate"": 2, ""quantitative easing"": 1, ""raise"": 1, ""resilient"": 2, ""robust"": 6, ""sluggish"": 1, ""strong"": 1, ""subdued"": 1, ""support"": 5, ""supportive"": 2, ""uncertainty"": 4, ""wait"": 1}",1.0213cd75
BCE,2016-09-08,https://www.ecb.europa.eu/press/press_conference/monetary-policy-statement/2016/html/is160908.en.html,Declaración introductoria,5874,11,52,-0.651,"{""accommodative"": 5, ""asset purchases"": 3, ""below target"": 1, ""cut"": 1, ""determined"": 1, ""downside risks"": 1, ""firm"": 1, ""gradual"": 1, ""lower interest rates"": 1, ""moderate"": 2, ""patient"": 1, ""price pressures"": 1, ""raise"": 1, ""raising"": 1, ""resilient"": 1, ""robust"": 2, ""sluggish"": 1, ""stimulus"": 3, ""strong"": 1, ""subdued"": 2, ""support"": 8, ""supportive"": 3, ""uncertainty"": 1}",1.0213cd75
BCE,2016-10-20,https://www.ecb.europa.eu/press/press_conference/monetary-policy-statement/2016/html/is161020.en.html,Declaración introductoria,4981,14,56,-0.6,"{""accommodation"": 1, ""accommodative"": 3, ""asset purchase programme"": 4, ""asset purchases"": 3, ""downside risks"": 1, ""ease"": 2, ""easing"": 1, ""gradual"": 3, ""moderate"": 3, ""premature"": 1, ""raise"": 1, ""raising"": 1, ""resilient"": 1, ""robust"": 2, ""sluggish"": 1, ""stimulus"": 2, ""subdued"": 2, ""support"": 11, ""supportive"": 1, ""tightening"": 2, ""uncertainty"": 1}",1.0213cd75
BCE,2016-12-08,https://www.ecb.europa.eu/press/press_conference/monetary-policy-statement/2016/html/is161208.en.html,Declaración introductoria,6275,19,60,-0.519,"{""accommodation"": 5, ""accommodative"": 2, ""asset purchase programme"": 3, ""asset purchases"": 3, ""cut"": 1, ""easing"": 1, ""firming"": 2, ""gradual"": 3, ""inflationary pressures"": 1, ""moderate"": 2, ""moderated"": 1, ""raise"": 3, ""raising"": 1, ""rate increases"": 1, ""resilient"": 3, ""robust"": 1, ""sluggish"": 1, ""stimulus"": 5, ""subdued"": 1, ""support"": 3, ""uncertainty"": 10}",1.0213cd75
BCE,2017-01-19,https://www.ecb.europa.eu/press/press_conference/monetary-policy-statement/2017/html/is170119.en.html,Declaración introductoria,5006,15,43,-0.483,"{""accommodation"": 2, ""accommodative"": 1, ""asset purchase programme"": 2, ""asset purchases"": 4, ""firm"": 3, ""gradual"": 2, ""higher inflation"": 1, ""hike"": 1, ""normalisation"": 1, ""patient"": 2, ""resilient"": 1, ""robust"": 2, ""sluggish"": 1, ""strong"": 2, ""subdued"": 4, ""support"": 7, ""uncertainty"": 2, ""weaker"": 1}",1.0213cd75
BCE,2017-03-09,https://www.ecb.europa.eu/press/press_conference/monetary-policy-statement/2017/html/is170309.en.html,Declaración introductoria,6190,20,44,-0.375,"{""accommodation"": 3, ""accommodative"": 1, ""asset purchase programme"": 6, ""asset purchases"": 3, ""cut"": 1, ""determined"": 2, ""easing"": 1, ""firm"": 1, ""firming"": 1, ""gradual"": 4, ""lower interest rates"": 1, ""raise"": 2, ""resilient"": 2, ""robust"": 1, ""sluggish"": 1, ""stimulus"": 2, ""strong"": 4, ""subdued"": 1, ""support"": 3, ""supportive"": 1, ""too high"": 1}",1.0213cd75
BCE,2017-04-27,https://www.ecb.europa.eu/press/press_conference/monetary-policy-statement/2017/html/ecb.is170427.en.html,Declaración introductoria,5303,17,86,-0.67,"{""accommodation"": 5, ""asset purchase programme"": 4, ""asset purchases"": 5, ""downside risks"": 5, ""eased"": 1, ""easing"": 5, ""firm"": 1, ""gradual"": 1, ""lower inflation"": 1, ""premature"": 1, ""raising"": 2, ""robust"": 1, ""slowed"": 1, ""sluggish"": 1, ""solid"": 4, ""stimulus"": 2, ""strong"": 3, ""subdued"": 4, ""support"": 8, ""tightening"": 1, ""uncertain"": 1, ""uncertainty"": 8, ""upward pressure"": 1, ""weaker"": 1}",1.0213cd75
BCE,2017-06-08,https://www.ecb.europa.eu/press/press_conference/monetary-policy-statement/2017/html/ecb.is170608.en.html,Declaración introductoria,5265,13,77,-0.711,"{""accommodation"": 4, ""asset purchase programme"": 6, ""asset purchases"": 3, ""downside risks"": 1, ""downward"": 1, ""easing"": 7, ""gradual"": 1, ""lower inflation"": 1, ""lower interest rates"": 2, ""normalisation"": 3, ""patient"": 3, ""quantitative easing"": 1, ""raise"": 1, ""robust"": 1, ""slowing"": 1, ""sluggish"": 1, ""solid"": 1, ""stimulus"": 2, ""strong"": 1, ""subdued"": 2, ""support"": 5, ""tightening"": 1, ""uncertainty"": 3}",1.0213cd75
BCE,2017-07-20,https://www.ecb.europa.eu/press/press_conference/monetary-policy-statement/2017/html/ecb.is170720.en.html,Declaración introductoria,5080,14,73,-0.678,"{""accommodation"": 9, ""accommodative"": 1, ""asset purchase programme"": 5, ""asset purchases"": 2, ""downside risks"": 1, ""eased"": 1, ""easing"": 1, ""gradual"": 1, ""higher inflation"": 1, ""patience"": 2, ""patient"": 2, ""premature"": 1, ""recession"": 1, ""robust"": 2, ""solid"": 1, ""stimulus"": 4, ""strong"": 1, ""subdued"": 3, ""support"": 4, ""supportive"": 3, ""tightened"": 1, ""tightening"": 2, ""uncertainty"": 1, ""wait"": 1}",1.0213cd75
BCE,2017-09-07,https://www.ecb.europa.eu/press/press_conference/monetary-policy-statement/2017/html/ecb.is170907.en.html,Declaración introductoria,6838,17,72,-0.618,"{""accommodation"": 4, ""asset purchase programme"": 2, ""asset purchases"": 6, ""balance sheet reduction"": 1, ""cut"": 1, ""downside risks"": 1, ""downward"": 3, ""gradual"": 1, ""negative interest rate"": 1, ""patience"": 2, ""patient"": 1, ""quantitative easing"": 2, ""reinvest"": 1, ""reinvestment"": 4, ""robust"": 5, ""solid"": 3, ""strong"": 1, ""subdued"": 3, ""support"": 4, ""supportive"": 1, ""tightened"": 1, ""tightening"": 2, ""uncertainty"": 10}",1.0213cd75
BCE,2017-10-26,https://www.ecb.europa.eu/press/press_conference/monetary-policy-statement/2017/html/ecb.is171026.en.html,Declaración introductoria,6325,24,75,-0.515,"{""accommodation"": 1, ""accommodative"": 1, ""asset purchase programme"": 2, ""asset purchases"": 12, ""balance sheet reduction"": 1, ""cut"": 1, ""downside risks"": 1, ""ease"": 1, ""eased"": 1, ""gradual"": 3, ""higher inflation"": 1, ""hike"": 1, ""hikes"": 2, ""normalisation"": 1, ""patience"": 1, ""patient"": 2, ""premature"": 1, ""price pressures"": 1, ""quantitative easing"": 1, ""raise"": 1, ""reinvest"": 3, ""reinvestment"": 10, ""robust"": 2, ""solid"": 1, ""stimulus"": 1, ""strong"": 1, ""subdued"": 1, ""support"": 8, ""too high"": 1, ""uncertainty"": 2}",1.0213cd75
BCE,2017-12-14,https://www.ecb.europa.eu/press/press_conference/monetary-policy-statement/2017/html/ecb.is171214.en.html,Declaración introductoria,5513,21,65,-0.512,"{""accommodation"": 3, ""asset purchase programme"": 7, ""asset purchases"": 10, ""cooling"": 1, ""downside risks"": 1, ""increased interest rates"": 1, ""moderate"": 1, ""moderated"": 1, ""price pressures"": 2, ""raise interest rates"": 1, ""raising"": 1, ""rate increase"": 1, ""recession"": 1, ""reinvest"": 2, ""resilient"": 1, ""robust"": 2, ""solid"": 2, ""stimulus"": 3, ""strong"": 5, ""support"": 10}",1.0213cd75
BCE,2018-01-25,https://www.ecb.europa.eu/press/press_conference/monetary-policy-statement/2018/html/ecb.is180125.en.html,Declaración introductoria,6874,27,62,-0.393,"{""accommodation"": 2, ""accommodative"": 2, ""asset purchase programme"": 7, ""asset purchases"": 7, ""downside risks"": 2, ""downward"": 1, ""easing"": 1, ""gradual"": 3, ""hikes"": 1, ""patience"": 2, ""price pressures"": 3, ""raise"": 1, ""rate increase"": 1, ""reinvest"": 2, ""restrictive"": 1, ""robust"": 3, ""solid"": 3, ""stimulus"": 1, ""strong"": 3, ""subdued"": 2, ""support"": 4, ""tightening"": 1, ""uncertainty"": 2}",1.0213cd75
BCE,2018-03-08,https://www.ecb.europa.eu/press/press_conference/monetary-policy-statement/2018/html/ecb.is180308.en.html,Declaración introductoria,6262,14,89,-0.728,"{""accommodation"": 1, ""accommodative"": 1, ""asset purchase programme"": 3, ""asset purchases"": 10, ""cut"": 1, ""downside risks"": 1, ""downward"": 2, ""easing"": 3, ""gradual"": 1, ""patience"": 3, ""quantitative easing"": 5, ""raise"": 1, ""raising"": 1, ""reinvest"": 2, ""reinvestment"": 2, ""robust"": 2, ""slowing"": 1, ""solid"": 3, ""stimulus"": 1, ""strong"": 6, ""subdued"": 5, ""support"": 3, ""uncertain"": 1, ""uncertainty"": 6, ""wait"": 1}",1.0213cd75
BCE,2018-04-26,https://www.ecb.europa.eu/press/press_conference/monetary-policy-statement/2018/html/ecb.is180426.en.html,Declaración introductoria,5974,35,57,-0.239,"{""accommodation"": 5, ""asset purchase programme"": 2, ""asset purchases"": 4, ""easing"": 1, ""gradual"": 1, ""normalisation"": 5, ""patience"": 2, ""patient"": 2, ""premature"": 1, ""price pressures"": 1, ""raise interest rates"": 1, ""raising"": 2, ""recession"": 1, ""reinvest"": 1, ""robust"": 1, ""slowdown"": 1, ""soft"": 1, ""softening"": 2, ""solid"": 5, ""stimulus"": 1, ""strong"": 4, ""subdued"": 2, ""support"": 7, ""tightening"": 3, ""weaker"": 1}",1.0213cd75
BCE,2018-06-14,https://www.ecb.europa.eu/press/press_conference/monetary-policy-statement/2018/html/ecb.is180614.en.html,Declaración introductoria,7056,37,72,-0.321,"{""accommodation"": 5, ""asset purchase programme"": 3, ""asset purchases"": 8, ""cut"": 1, ""gradual"": 1, ""hike"": 3, ""hikes"": 1, ""moderated"": 2, ""patient"": 1, ""price pressures"": 1, ""raise"": 2, ""raising"": 1, ""reinvest"": 1, ""reinvestment"": 7, ""robust"": 1, ""soft"": 2, ""solid"": 3, ""stimulus"": 1, ""strong"": 5, ""support"": 4, ""tightening"": 5, ""uncertainty"": 12, ""upside risks"": 1, ""wage pressures"": 1, ""weaker"": 3}",1.0213cd75
BCE,2018-07-26,https://www.ecb.europa.eu/press/press_conference/monetary-policy-statement/2018/html/ecb.is180726.en.html,Declaración introductoria,4651,24,69,-0.484,"{""above target"": 1, ""accommodation"": 3, ""accommodative"": 1, ""asset purchase programme"": 3, ""asset purchases"": 5, ""cut"": 1, ""easing"": 2, ""gradual"": 1, ""hike"": 1, ""hikes"": 2, ""moderated"": 1, ""patience"": 1, ""price pressures"": 1, ""raising"": 2, ""recession"": 1, ""reinvest"": 1, ""reinvestment"": 11, ""robust"": 1, ""slowdown"": 1, ""solid"": 4, ""stimulus"": 2, ""strong"": 5, ""support"": 4, ""tightening"": 1, ""uncertain"": 1, ""uncertainty"": 5, ""weakening"": 1, ""weaker"": 2}",1.0213cd75
BCE,2018-09-13,https://www.ecb.europa.eu/press/press_conference/monetary-policy-statement/2018/html/ecb.is180913.en.html,Declaración introductoria,5759,25,71,-0.479,"{""accommodation"": 3, ""accommodative"": 2, ""asset purchase programme"": 2, ""asset purchases"": 5, ""below target"": 1, ""downside risks"": 2, ""downward"": 1, ""gradual"": 2, ""lower inflation"": 1, ""premature"": 1, ""price pressures"": 1, ""raise"": 1, ""raising"": 1, ""recession"": 1, ""reinvest"": 2, ""reinvestment"": 5, ""resilient"": 1, ""robust"": 2, ""slowdown"": 1, ""solid"": 1, ""stimulus"": 1, ""strong"": 5, ""support"": 6, ""tightened"": 1, ""tightening"": 2, ""uncertainty"": 8, ""upside risks"": 1, ""wait"": 1, ""weakening"": 2, ""weaker"": 3}",1.0213cd75
BCE,2018-10-25,https://www.ecb.europa.eu/press/press_conference/monetary-policy-statement/2018/html/ecb.is181025.en.html,Declaración introductoria,5989,16,78,-0.66,"{""accommodation"": 3, ""accommodative"": 4, ""asset purchase programme"": 2, ""asset purchases"": 6, ""determined"": 1, ""easing"": 2, ""gradual"": 1, ""patient"": 1, ""price pressures"": 1, ""raising"": 1, ""reinvest"": 1, ""reinvestment"": 4, ""robust"": 1, ""solid"": 1, ""stimulus"": 4, ""strong"": 1, ""support"": 5, ""tightened"": 2, ""tightening"": 2, ""uncertainty"": 2, ""weakening"": 1, ""weaker"": 10}",1.0213cd75
BCE,2018-12-13,https://www.ecb.europa.eu/press/press_conference/monetary-policy-statement/2018/html/ecb.is181213.en.html,Declaración introductoria,6075,26,67,-0.441,"{""accommodation"": 3, ""accommodative"": 7, ""asset purchase programme"": 4, ""asset purchases"": 5, ""downside risks"": 1, ""gradual"": 1, ""hike"": 3, ""hikes"": 1, ""normalisation"": 2, ""patient"": 1, ""price pressures"": 1, ""quantitative easing"": 1, ""raising"": 2, ""rate increase"": 2, ""reinvestment"": 1, ""robust"": 2, ""stimulus"": 1, ""strong"": 1, ""support"": 3, ""tightening"": 1, ""uncertainty"": 6, ""wait"": 1, ""weaker"": 5}",1.0213cd75
BCE,2019-01-24,https://www.ecb.europa.eu/press/press_conference/monetary-policy-statement/2019/html/ecb.is190124~cd3821f8f5.en.html,Declaración introductoria,6963,40,118,-0.494,"{""accommodation"": 5, ""accommodative"": 7, ""asset purchase programme"": 2, ""asset purchases"": 3, ""cut"": 1, ""cuts"": 2, ""downside risks"": 1, ""easing"": 1, ""hike"": 7, ""hikes"": 1, ""moderated"": 1, ""price pressures"": 1, ""raising"": 3, ""recession"": 11, ""reinvestment"": 1, ""slowdown"": 9, ""slowed"": 1, ""slowing"": 1, ""soft"": 2, ""stimulus"": 2, ""strong"": 3, ""support"": 4, ""supportive"": 1, ""tightening"": 7, ""uncertainty"": 5, ""vigilance"": 1, ""wait"": 2, ""weaker"": 5}",1.0213cd75
BCE,2019-03-07,https://www.ecb.europa.eu/press/press_conference/monetary-policy-statement/2019/html/ecb.is190307~de1fdbd0b0.en.html,Declaración introductoria,6542,15,111,-0.762,"{""accommodation"": 8, ""accommodative"": 4, ""asset purchase programme"": 4, ""deterioration"": 1, ""determined"": 1, ""downward"": 2, ""eased"": 3, ""easing"": 1, ""higher inflation"": 1, ""patient"": 2, ""price pressures"": 1, ""raising"": 3, ""recession"": 3, ""reinvestment"": 1, ""slowdown"": 11, ""slowing"": 1, ""stimulus"": 2, ""subdued"": 1, ""support"": 4, ""supportive"": 1, ""tighten"": 3, ""tightening"": 1, ""uncertain"": 1, ""uncertainty"": 7, ""wait"": 1, ""weakening"": 1, ""weaker"": 4}",1.0213cd75
BCE,2019-04-10,https://www.ecb.europa.eu/press/press_conference/monetary-policy-statement/2019/html/ecb.is190410~c27197866f.en.html,Declaración introductoria,6860,12,74,-0.721,"{""accommodation"": 4, ""asset purchase programme"": 3, ""cut"": 2, ""deteriorated"": 1, ""deterioration"": 4, ""moderated"": 1, ""quantitative easing"": 1, ""raise"": 2, ""raise interest rates"": 2, ""raising"": 3, ""rate cut"": 1, ""recession"": 8, ""slowdown"": 2, ""soft"": 1, ""stimulus"": 1, ""strong"": 1, ""support"": 3, ""tightening"": 1, ""uncertainty"": 1, ""weakening"": 7}",1.0213cd75
BCE,2019-06-06,https://www.ecb.europa.eu/press/press_conference/monetary-policy-statement/2019/html/ecb.is190606~32b6221806.en.html,Declaración introductoria,6136,14,69,-0.663,"{""accommodation"": 3, ""accommodative"": 3, ""asset purchase programme"": 4, ""cut"": 7, ""determined"": 1, ""fall in inflation"": 1, ""gradual"": 1, ""hikes"": 1, ""moderated"": 1, ""normalisation"": 2, ""price pressures"": 1, ""raising"": 2, ""rate cut"": 3, ""rate cuts"": 3, ""recession"": 1, ""slowdown"": 1, ""soft"": 1, ""support"": 3, ""tightening"": 1, ""uncertainty"": 9, ""weakening"": 1, ""weaker"": 1}",1.0213cd75
BCE,2019-07-25,https://www.ecb.europa.eu/press/press_conference/monetary-policy-statement/2019/html/ecb.is190725~547f29c369.en.html,Declaración introductoria,6694,23,74,-0.526,"{""accommodation"": 3, ""asset purchase programme"": 3, ""asset purchases"": 4, ""cut"": 1, ""deterioration"": 1, ""determined"": 3, ""easing"": 2, ""gradual"": 1, ""highly accommodative"": 3, ""inflationary pressures"": 1, ""lower inflation"": 2, ""lower interest rates"": 1, ""monetary easing"": 1, ""patient"": 1, ""premature"": 1, ""price pressures"": 2, ""raising"": 3, ""rate cut"": 3, ""recession"": 2, ""resilient"": 2, ""robust"": 2, ""slowdown"": 1, ""slowing"": 1, ""softening"": 1, ""stimulus"": 1, ""support"": 8, ""supportive"": 1, ""tightened"": 1, ""tightening"": 1, ""uncertainty"": 2, ""wait"": 1, ""weakening"": 1}",1.0213cd75
BCE,2019-09-12,https://www.ecb.europa.eu/press/press_conference/monetary-policy-statement/2019/html/ecb.is190912~658eb51d68.en.html,Declaración introductoria,6974,26,101,-0.591,"{""accommodation"": 2, ""accommodative"": 4, ""asset purchase programme"": 7, ""asset purchases"": 1, ""cut"": 1, ""cuts"": 1, ""deterioration"": 1, ""downside risks"": 4, ""downward"": 1, ""easing"": 1, ""gradual"": 1, ""highly accommodative"": 1, ""hike"": 1, ""inflationary pressures"": 1, ""moderate"": 1, ""price pressures"": 2, ""quantitative easing"": 1, ""raise"": 3, ""raising"": 3, ""rate cut"": 1, ""recession"": 8, ""robust"": 3, ""slowdown"": 2, ""solid"": 1, ""stimulus"": 2, ""strong"": 3, ""support"": 9, ""tightening"": 2, ""uncertainty"": 1, ""wait"": 2, ""weakening"": 4, ""weaker"": 1, ""well below"": 1}",1.0213cd75
BCE,2019-10-24,https://www.ecb.europa.eu/press/press_conference/monetary-policy-statement/2019/html/ecb.is191024~78a5550bc1.en.html,Declaración introductoria,7747,11,78,-0.753,"{""accommodation"": 2, ""accommodative"": 7, ""asset purchase programme"": 3, ""asset purchases"": 3, ""downside risks"": 2, ""easing"": 3, ""highly accommodative"": 1, ""moderate"": 1, ""patience"": 1, ""price pressures"": 1, ""quantitative easing"": 1, ""raise"": 1, ""raising"": 3, ""recession"": 1, ""reinvestment"": 1, ""resilient"": 2, ""robust"": 1, ""slowdown"": 1, ""solid"": 2, ""stimulus"": 3, ""support"": 5, ""supportive"": 1, ""uncertainty"": 4, ""weakening"": 4, ""weaker"": 1}",1.0213cd75
BCE,2019-12-12,https://www.ecb.europa.eu/press/press_conference/monetary-policy-statement/2019/html/ecb.is191212~c9e1a6ab3e.en.html,Declaración introductoria,7365,11,55,-0.667,"{""accommodation"": 2, ""accommodative"": 4, ""asset purchase programme"": 3, ""asset purchases"": 2, ""contraction"": 1, ""cut"": 1, ""cuts"": 1, ""downside risks"": 1, ""gradual"": 1, ""highly accommodative"": 1, ""price pressures"": 1, ""raising"": 3, ""resilient"": 1, ""robust"": 2, ""slowdown"": 2, ""solid"": 2, ""stimulus"": 2, ""subdued"": 1, ""support"": 7, ""uncertainty"": 1, ""wait"": 1, ""weakened"": 1, ""weaker"": 1}",1.0213cd75
BCE,2020-01-23,https://www.ecb.europa.eu/press/press_conference/monetary-policy-statement/2020/html/ecb.is200123~0bc778277b.en.html,Declaración introductoria,7396,19,54,-0.479,"{""accommodation"": 2, ""accommodative"": 3, ""asset purchase programme"": 2, ""asset purchases"": 1, ""cut"": 2, ""downside risks"": 1, ""highly accommodative"": 1, ""inflationary pressures"": 1, ""moderate"": 4, ""moderated"": 1, ""price pressures"": 1, ""raise"": 2, ""raising"": 4, ""reinvest"": 1, ""resilient"": 1, ""robust"": 2, ""solid"": 3, ""stimulus"": 1, ""strong"": 1, ""subdued"": 2, ""support"": 7, ""too high"": 1, ""uncertainty"": 3, ""wait"": 2, ""weakening"": 2, ""weaker"": 1}",1.0213cd75
BCE,2020-03-12,https://www.ecb.europa.eu/press/press_conference/monetary-policy-statement/2020/html/ecb.is200312~f857a21b6c.en.html,Declaración introductoria,6215,16,98,-0.719,"{""accommodation"": 2, ""accommodative"": 2, ""asset purchase programme"": 11, ""asset purchases"": 2, ""cut"": 2, ""determined"": 6, ""downside risk"": 1, ""downside risks"": 2, ""downward"": 1, ""ease"": 1, ""easing"": 1, ""moderated"": 2, ""raise"": 2, ""raising"": 2, ""rate cut"": 1, ""recession"": 2, ""resilient"": 1, ""robust"": 1, ""slowdown"": 1, ""slowing"": 1, ""stimulus"": 3, ""strong"": 3, ""support"": 15, ""uncertain"": 2, ""uncertainty"": 5, ""upward pressures"": 1, ""weakened"": 1, ""weakening"": 1, ""weaker"": 2}",1.0213cd75
BCE,2020-04-30,https://www.ecb.europa.eu/press/press_conference/monetary-policy-statement/2020/html/ecb.is200430~ab3058e07f.en.html,Declaración introductoria,6888,23,89,-0.589,"{""accommodation"": 2, ""accommodative"": 2, ""asset purchase programme"": 2, ""asset purchases"": 4, ""contraction"": 6, ""decline in inflation"": 1, ""deteriorated"": 1, ""deterioration"": 2, ""determined"": 6, ""downside risks"": 1, ""downward"": 1, ""ease"": 3, ""eased"": 2, ""easing"": 3, ""gradual"": 1, ""normalisation"": 1, ""raising"": 2, ""rate cut"": 1, ""recession"": 1, ""reinvestment"": 1, ""robust"": 1, ""solid"": 1, ""stimulus"": 1, ""strong"": 1, ""support"": 12, ""supportive"": 1, ""tightened"": 2, ""tightening"": 2, ""uncertain"": 4, ""uncertainty"": 4, ""upward pressures"": 1, ""weaker"": 1}",1.0213cd75
BCE,2020-06-04,https://www.ecb.europa.eu/press/press_conference/monetary-policy-statement/2020/html/ecb.is200604~b479b8cfff.en.html,Declaración introductoria,6937,25,79,-0.519,"{""accommodation"": 3, ""accommodative"": 1, ""asset purchase programme"": 2, ""asset purchases"": 2, ""contraction"": 5, ""cut"": 1, ""determined"": 5, ""disinflation"": 1, ""downward"": 6, ""ease"": 3, ""eased"": 1, ""easing"": 1, ""gradual"": 2, ""hike"": 2, ""price pressures"": 1, ""raising"": 3, ""reinvest"": 1, ""reinvestment"": 2, ""robust"": 1, ""solid"": 1, ""stimulus"": 1, ""strong"": 4, ""subdued"": 2, ""support"": 9, ""supportive"": 1, ""tightening"": 1, ""uncertain"": 1, ""uncertainty"": 5, ""upward pressures"": 1, ""weaker"": 1}",1.0213cd75
BCE,2020-07-16,https://www.ecb.europa.eu/press/press_conference/monetary-policy-statement/2020/html/ecb.is200716~3865f74bf8.en.html,Declaración introductoria,6872,36,96,-0.455,"{""accommodation"": 2, ""accommodative"": 3, ""asset purchase programme"": 2, ""asset purchases"": 2, ""contraction"": 3, ""cut"": 1, ""deterioration"": 2, ""downward"": 2, ""ease"": 1, ""eased"": 2, ""easing"": 4, ""negative interest rate"": 1, ""patient"": 1, ""price pressures"": 1, ""raise"": 1, ""raising"": 2, ""reinvest"": 1, ""reinvestment"": 1, ""robust"": 1, ""slowed"": 1, ""solid"": 1, ""stimulus"": 1, ""strong"": 6, ""subdued"": 3, ""support"": 17, ""tightened"": 1, ""tightening"": 10, ""uncertain"": 1, ""uncertainty"": 7, ""upward pressures"": 1, ""wait"": 1, ""weaker"": 1, ""well below"": 2}",1.0213cd75
BCE,2020-09-10,https://www.ecb.europa.eu/press/press_conference/monetary-policy-statement/2020/html/ecb.is200910~5c43e3a591.en.html,Declaración introductoria,6942,24,79,-0.534,"{""accommodation"": 2, ""accommodative"": 4, ""asset purchase programme"": 2, ""asset purchases"": 3, ""contraction"": 1, ""determined"": 1, ""downside risk"": 1, ""downside risks"": 1, ""downward"": 1, ""ease"": 1, ""easing"": 3, ""price pressures"": 3, ""raising"": 3, ""rate cut"": 2, ""reinvest"": 2, ""robust"": 1, ""slowed"": 2, ""softening"": 1, ""solid"": 1, ""stimulus"": 2, ""strong"": 5, ""subdued"": 3, ""support"": 9, ""tightening"": 2, ""uncertain"": 2, ""uncertainty"": 6, ""upward pressure"": 1, ""wage pressures"": 1, ""well below"": 1}",1.0213cd75
BCE,2020-10-29,https://www.ecb.europa.eu/press/press_conference/monetary-policy-statement/2020/html/ecb.is201029~80b00b5789.en.html,Declaración introductoria,7601,25,86,-0.55,"{""accommodation"": 2, ""accommodative"": 3, ""asset purchase programme"": 2, ""asset purchases"": 3, ""contraction"": 2, ""deterioration"": 2, ""downward"": 1, ""easing"": 1, ""premature"": 2, ""price pressures"": 2, ""raising"": 2, ""recession"": 1, ""reinvest"": 1, ""robust"": 1, ""slowdown"": 1, ""slowed"": 1, ""slowing"": 2, ""softening"": 1, ""solid"": 2, ""stimulus"": 6, ""strong"": 3, ""subdued"": 1, ""support"": 19, ""supportive"": 1, ""tighten"": 2, ""tightened"": 1, ""uncertain"": 1, ""uncertainty"": 2, ""upward pressure"": 1, ""wage pressures"": 1, ""weakening"": 1, ""weaker"": 1}",1.0213cd75
BCE,2020-12-10,https://www.ecb.europa.eu/press/press_conference/monetary-policy-statement/2020/html/ecb.is201210~9b8e5f3cdd.en.html,Declaración introductoria,7283,25,62,-0.425,"{""accommodation"": 2, ""accommodative"": 2, ""asset purchase programme"": 3, ""asset purchases"": 2, ""contraction"": 2, ""determined"": 1, ""downside risks"": 1, ""downward"": 4, ""easing"": 2, ""gradual"": 1, ""price pressures"": 1, ""raise"": 1, ""raising"": 2, ""reinvestment"": 1, ""robust"": 1, ""soft"": 1, ""stimulus"": 1, ""strong"": 5, ""subdued"": 1, ""support"": 10, ""tightening"": 4, ""uncertainty"": 6, ""upward pressure"": 2, ""wage pressures"": 1, ""weaker"": 1, ""well below"": 1}",1.0213cd75
BCE,2021-01-21,https://www.ecb.europa.eu/press/press_conference/monetary-policy-statement/2021/html/ecb.is210121~e601112a72.en.html,Declaración introductoria,7252,33,87,-0.45,"{""accommodation"": 2, ""accommodative"": 4, ""asset purchase programme"": 1, ""asset purchases"": 3, ""contraction"": 3, ""downside risk"": 1, ""downside risks"": 1, ""downward"": 6, ""eased"": 1, ""moderate"": 1, ""price pressures"": 1, ""raising"": 2, ""reinvest"": 1, ""resilient"": 1, ""restrictive"": 1, ""robust"": 1, ""stimulus"": 5, ""strong"": 2, ""subdued"": 2, ""support"": 13, ""supportive"": 1, ""tighten"": 1, ""tightened"": 2, ""tightening"": 7, ""uncertain"": 1, ""uncertainty"": 8, ""upward pressure"": 1, ""wage pressures"": 1, ""weaker"": 1, ""well below"": 1}",1.0213cd75
BCE,2021-03-11,https://www.ecb.europa.eu/press/press_conference/monetary-policy-statement/2021/html/ecb.is210311~d368d7151a.en.html,Declaración introductoria,7058,33,74,-0.383,"{""accommodation"": 2, ""accommodative"": 2, ""asset purchase programme"": 2, ""asset purchases"": 3, ""contraction"": 1, ""downside risk"": 1, ""downside risks"": 1, ""downward"": 4, ""easing"": 2, ""firm"": 2, ""gradual"": 5, ""premature"": 1, ""price pressures"": 2, ""raising"": 2, ""reinvest"": 1, ""resilient"": 1, ""robust"": 1, ""solid"": 2, ""stimulus"": 7, ""strong"": 3, ""subdued"": 5, ""support"": 6, ""tightening"": 4, ""uncertainty"": 3, ""upward pressure"": 1, ""wage pressures"": 1, ""weaker"": 2}",1.0213cd75
BCE,2021-04-22,https://www.ecb.europa.eu/press/press_conference/monetary-policy-statement/2021/html/ecb.is210422~b0ad2d3414.en.html,Declaración introductoria,6899,60,75,-0.111,"{""accommodation"": 4, ""accommodative"": 3, ""asset purchase programme"": 2, ""asset purchases"": 3, ""determined"": 1, ""downside risk"": 1, ""downward"": 1, ""eased"": 1, ""firm"": 2, ""gradual"": 6, ""moderate"": 3, ""premature"": 6, ""price pressures"": 2, ""raising"": 2, ""rate cuts"": 1, ""recession"": 1, ""reinvest"": 1, ""robust"": 1, ""slowing"": 1, ""solid"": 4, ""stimulus"": 4, ""strong"": 2, ""subdued"": 3, ""support"": 10, ""tighten"": 1, ""tightening"": 11, ""uncertainty"": 4, ""wage pressures"": 1, ""wait"": 1, ""weaker"": 1, ""well below"": 2}",1.0213cd75
BCE,2021-06-10,https://www.ecb.europa.eu/press/press_conference/monetary-policy-statement/2021/html/ecb.is210610~115f4c0246.en.html,Declaración introductoria,6958,55,86,-0.22,"{""accommodation"": 2, ""accommodative"": 6, ""asset purchase programme"": 2, ""asset purchases"": 3, ""below target"": 1, ""contraction"": 2, ""downside risk"": 2, ""downward"": 3, ""gradual"": 3, ""lower inflation"": 1, ""moderate"": 3, ""normalisation"": 1, ""overheating"": 1, ""premature"": 6, ""price pressures"": 3, ""raising"": 2, ""recession"": 1, ""reinvest"": 1, ""robust"": 4, ""slowing"": 1, ""solid"": 2, ""stimulus"": 3, ""strong"": 7, ""subdued"": 3, ""support"": 13, ""supportive"": 1, ""tightening"": 6, ""uncertain"": 1, ""uncertainty"": 2, ""upward pressure"": 1, ""wage pressures"": 1, ""weakening"": 1, ""weaker"": 2}",1.0213cd75
BCE,2021-07-22,https://www.ecb.europa.eu/press/press_conference/monetary-policy-statement/2021/html/ecb.is210722~13e7f5e795.en.html,Declaración introductoria,6715,36,53,-0.191,"{""above target"": 3, ""accommodative"": 1, ""asset purchase programme"": 2, ""asset purchases"": 2, ""below target"": 1, ""determined"": 5, ""downward"": 1, ""eased"": 2, ""inflationary pressures"": 1, ""lower for longer"": 2, ""moderate"": 3, ""patience"": 3, ""premature"": 4, ""price pressures"": 2, ""reinvestment"": 1, ""slowdown"": 1, ""slowed"": 1, ""solid"": 2, ""stimulus"": 1, ""strong"": 1, ""subdued"": 2, ""support"": 6, ""tighten"": 1, ""tightening"": 4, ""uncertainty"": 1, ""upward pressure"": 1, ""well below"": 2}",1.0213cd75
BCE,2021-09-09,https://www.ecb.europa.eu/press/press_conference/monetary-policy-statement/2021/html/ecb.is210909~b2d882f724.en.html,Declaración introductoria,6756,26,56,-0.366,"{""asset purchase programme"": 3, ""asset purchases"": 6, ""deterioration"": 1, ""downward"": 1, ""ease"": 1, ""eased"": 1, ""gradual"": 2, ""moderate"": 1, ""premature"": 3, ""price pressures"": 4, ""quantitative easing"": 1, ""reinvestment"": 1, ""slowdown"": 1, ""solid"": 2, ""stimulus"": 3, ""strong"": 4, ""support"": 11, ""tightening"": 1, ""uncertain"": 1, ""uncertainty"": 2, ""upside risks"": 1, ""weaker"": 1, ""well below"": 1}",1.0213cd75
BCE,2021-10-28,https://www.ecb.europa.eu/press/press_conference/monetary-policy-statement/2021/html/ecb.is211028~939f22970b.en.html,Declaración introductoria,7022,32,33,-0.015,"{""above target"": 1, ""asset purchase programme"": 2, ""asset purchases"": 3, ""cut"": 1, ""determined"": 3, ""ease"": 2, ""gradual"": 2, ""higher inflation"": 2, ""hike"": 2, ""hikes"": 1, ""moderate"": 3, ""moderated"": 2, ""patient"": 1, ""price pressures"": 1, ""reinvestment"": 1, ""solid"": 1, ""strong"": 3, ""support"": 6, ""tighten"": 1, ""tightened"": 2, ""tightening"": 3, ""wait"": 1, ""weakened"": 1}",1.0213cd75
BCE,2021-12-16,https://www.ecb.europa.eu/press/press_conference/monetary-policy-statement/2021/html/ecb.is211216~9abaace28e.en.html,Declaración introductoria,6837,34,102,-0.5,"{""accommodation"": 3, ""accommodative"": 3, ""asset purchase programme"": 5, ""asset purchases"": 11, ""cut"": 1, ""ease"": 3, ""gradual"": 3, ""higher inflation"": 1, ""hike"": 1, ""moderate"": 1, ""moderating"": 2, ""negative interest rate"": 1, ""price pressures"": 2, ""raise interest rates"": 1, ""raising"": 2, ""reinvest"": 1, ""reinvestment"": 9, ""resilient"": 2, ""robust"": 2, ""slowdown"": 1, ""slowing"": 2, ""strong"": 10, ""support"": 10, ""uncertain"": 3, ""uncertainty"": 16, ""upside risk"": 3}",1.0213cd75
BCE,2022-02-03,https://www.ecb.europa.eu/press/press_conference/monetary-policy-statement/2022/html/ecb.is220203~ca7001dec0.en.html,Declaración introductoria,6808,54,55,-0.009,"{""accommodation"": 1, ""asset purchase programme"": 2, ""asset purchases"": 11, ""contraction"": 1, ""determined"": 1, ""ease"": 2, ""gradual"": 2, ""higher inflation"": 2, ""hike"": 4, ""hikes"": 6, ""moderate"": 1, ""normalisation"": 2, ""price pressures"": 2, ""raise interest rates"": 2, ""raising"": 1, ""rate increases"": 1, ""robust"": 2, ""slowing"": 1, ""solid"": 1, ""stimulus"": 1, ""strong"": 1, ""subdued"": 2, ""support"": 4, ""tighten"": 1, ""too high"": 2, ""uncertain"": 2, ""uncertainty"": 4, ""upside risk"": 2, ""weakened"": 1}",1.0213cd75
BCE,2022-03-10,https://www.ecb.europa.eu/press/press_conference/monetary-policy-statement/2022/html/ecb.is220310~1bc8c1b1ca.en.html,Declaración introductoria,5941,36,83,-0.395,"{""asset purchase programme"": 3, ""asset purchases"": 13, ""determined"": 2, ""easing"": 2, ""gradual"": 1, ""higher inflation"": 1, ""hike"": 4, ""hikes"": 1, ""moderate"": 1, ""normalisation"": 2, ""price pressures"": 2, ""raising"": 1, ""reinvestment"": 3, ""robust"": 2, ""slowed"": 1, ""solid"": 2, ""stimulus"": 1, ""strong"": 1, ""support"": 17, ""tightening"": 2, ""uncertain"": 6, ""uncertainty"": 12, ""upside risk"": 1, ""wage pressures"": 1, ""wait"": 2, ""weaker"": 1}",1.0213cd75
BCE,2022-04-14,https://www.ecb.europa.eu/press/press_conference/monetary-policy-statement/2022/html/ecb.is220414~fa5c8fe142.en.html,Declaración introductoria,6176,70,62,0.061,"{""asset purchase programme"": 3, ""asset purchases"": 16, ""cut"": 1, ""downside risks"": 1, ""further tightening"": 1, ""gradual"": 1, ""higher inflation"": 1, ""hike"": 2, ""hikes"": 5, ""moderate"": 1, ""normalisation"": 11, ""premature"": 2, ""quantitative tightening"": 2, ""recession"": 1, ""reinvestment"": 6, ""restrictive"": 1, ""robust"": 1, ""strong"": 2, ""support"": 4, ""tighten"": 1, ""tightened"": 1, ""tightening"": 5, ""uncertain"": 2, ""uncertainty"": 5, ""upside risks"": 2, ""upward pressure"": 1}",1.0213cd75
BCE,2022-06-09,https://www.ecb.europa.eu/press/press_conference/monetary-policy-statement/2022/html/ecb.is220609~abe7c95b19.en.html,Declaración introductoria,6324,70,49,0.176,"{""accommodation"": 1, ""accommodative"": 1, ""asset purchase programme"": 2, ""asset purchases"": 4, ""cut"": 1, ""decline in inflation"": 1, ""deteriorated"": 1, ""deterioration"": 2, ""determined"": 2, ""downside risk"": 1, ""easing"": 1, ""elevated inflation"": 1, ""firm"": 1, ""further increases"": 1, ""gradual"": 2, ""hike"": 3, ""hikes"": 6, ""inflation is too high"": 1, ""inflationary pressures"": 1, ""moderate"": 1, ""moderating"": 1, ""normalisation"": 4, ""overheating"": 1, ""raise"": 7, ""raise interest rates"": 1, ""raising"": 5, ""rate increase"": 3, ""recession"": 1, ""reinvest"": 1, ""reinvestment"": 6, ""resilient"": 1, ""robust"": 2, ""solid"": 1, ""stimulus"": 1, ""strong"": 3, ""support"": 4, ""tightening"": 1, ""uncertainty"": 3}",1.0213cd75
BCE,2022-07-21,https://www.ecb.europa.eu/press/press_conference/monetary-policy-statement/2022/html/ecb.is220721~51ef267c68.en.html,Declaración introductoria,6741,74,53,0.165,"{""accommodative"": 1, ""asset purchase programme"": 1, ""asset purchases"": 1, ""cut"": 1, ""downside risk"": 3, ""ease"": 1, ""easing"": 1, ""hike"": 4, ""hikes"": 3, ""inflationary pressures"": 2, ""moderate"": 1, ""normalisation"": 11, ""price pressures"": 1, ""raise"": 2, ""raise interest rates"": 2, ""raise the three key"": 1, ""raising"": 1, ""recession"": 3, ""reinvestment"": 6, ""resilient"": 1, ""robust"": 2, ""slowdown"": 2, ""slowing"": 1, ""strong"": 8, ""support"": 9, ""supportive"": 1, ""tightened"": 1, ""tightening"": 2, ""uncertain"": 1, ""uncertainty"": 4, ""upside risk"": 3, ""wait"": 1}",1.0213cd75
BCE,2022-09-08,https://www.ecb.europa.eu/press/press_conference/monetary-policy-statement/2022/html/ecb.is220908~cd8363c58e.en.html,Declaración introductoria,6781,112,51,0.374,"{""accommodative"": 1, ""asset purchases"": 1, ""deterioration"": 1, ""determined"": 7, ""downside risks"": 1, ""easing"": 3, ""further increases"": 1, ""higher inflation"": 1, ""highly accommodative"": 2, ""hike"": 6, ""hikes"": 4, ""inflationary pressures"": 2, ""moderate"": 1, ""moderating"": 1, ""normalisation"": 9, ""premature"": 2, ""price pressures"": 2, ""quantitative easing"": 2, ""quantitative tightening"": 4, ""raise"": 2, ""raise interest rates"": 6, ""raise the three key"": 2, ""raising"": 1, ""rate increases"": 1, ""recession"": 5, ""reinvestment"": 4, ""resilient"": 1, ""restrictive"": 1, ""robust"": 1, ""slowdown"": 1, ""slowing"": 2, ""strong"": 4, ""support"": 4, ""tightening"": 5, ""tighter monetary policy"": 1, ""too high"": 3, ""uncertainty"": 1, ""upward pressure"": 1, ""weakening"": 1}",1.0213cd75
BCE,2022-10-27,https://www.ecb.europa.eu/press/press_conference/monetary-policy-statement/2022/html/ecb.is221027~358a06a35f.en.html,Declaración introductoria,6890,86,69,0.11,"{""accommodation"": 4, ""accommodative"": 1, ""cut"": 1, ""deterioration"": 1, ""determined"": 5, ""downside risks"": 1, ""downward"": 1, ""easing"": 1, ""further increases"": 1, ""further rate increases"": 1, ""higher inflation"": 2, ""hike"": 1, ""hikes"": 4, ""inflationary pressures"": 1, ""moderating"": 1, ""normalisation"": 8, ""price pressures"": 4, ""raise"": 1, ""raise interest rates"": 2, ""raise the three key"": 1, ""raising"": 1, ""rate increase"": 3, ""rate increases"": 2, ""recession"": 10, ""resilient"": 1, ""robust"": 1, ""slowdown"": 2, ""slowed"": 1, ""slowing"": 1, ""strong"": 3, ""support"": 6, ""tightened"": 2, ""tightening"": 3, ""too high"": 1, ""uncertainty"": 4, ""vigilance"": 1, ""vigilant"": 1, ""weakening"": 5}",1.0213cd75
BCE,2022-12-15,https://www.ecb.europa.eu/press/press_conference/monetary-policy-statement/2022/html/ecb.is221215~197ac630ae.en.html,Declaración introductoria,6462,84,61,0.159,"{""asset purchase programme"": 1, ""balance sheet reduction"": 1, ""deteriorated"": 1, ""deterioration"": 1, ""determined"": 3, ""downside risk"": 1, ""downside risks"": 1, ""easing"": 1, ""firm"": 1, ""hike"": 3, ""hikes"": 2, ""inflationary pressures"": 1, ""normalisation"": 1, ""price pressures"": 4, ""quantitative tightening"": 5, ""raise"": 5, ""raise interest rates"": 5, ""raise the three key"": 1, ""raising"": 1, ""recession"": 8, ""reinvest"": 3, ""restrictive"": 4, ""robust"": 3, ""slowdown"": 2, ""slowed"": 1, ""slowing"": 2, ""strong"": 1, ""subdued"": 1, ""sufficiently restrictive"": 5, ""support"": 3, ""tighten"": 1, ""tightening"": 1, ""tighter monetary policy"": 1, ""too high"": 1, ""uncertainty"": 3, ""weakening"": 3, ""weaker"": 3, ""will raise"": 2}",1.0213cd75
BCE,2023-02-02,https://www.ecb.europa.eu/press/press_conference/monetary-policy-statement/2023/html/ecb.is230202~4313651089.en.html,Declaración introductoria,6746,106,59,0.285,"{""asset purchase programme"": 2, ""determined"": 4, ""disinflationary"": 4, ""downside risk"": 2, ""downward"": 1, ""ease"": 2, ""easing"": 2, ""gradual"": 1, ""hikes"": 4, ""inflationary pressures"": 1, ""normalisation"": 2, ""price pressures"": 3, ""quantitative tightening"": 1, ""raise"": 8, ""raise interest rates"": 3, ""raise the three key"": 2, ""raising"": 4, ""rate increases"": 3, ""reinvest"": 2, ""reinvestment"": 3, ""resilient"": 1, ""restrictive"": 9, ""robust"": 1, ""slowed"": 1, ""slowing"": 1, ""soft"": 2, ""solid"": 1, ""strong"": 9, ""subdued"": 1, ""sufficiently restrictive"": 3, ""support"": 8, ""tighten"": 2, ""tightening"": 2, ""too high"": 3, ""uncertain"": 1, ""uncertainty"": 1, ""upside risk"": 1, ""weakened"": 1, ""weakening"": 3, ""weaker"": 1}",1.0213cd75
BCE,2023-03-16,https://www.ecb.europa.eu/press/press_conference/monetary-policy-statement/2023/html/ecb.is230316~6c10b087b5.en.html,Declaración introductoria,6480,79,52,0.206,"{""asset purchase programme"": 1, ""contraction"": 1, ""cut"": 2, ""determined"": 5, ""disinflation"": 1, ""downside risk"": 1, ""downside risks"": 1, ""easing"": 1, ""gradual"": 1, ""hike"": 1, ""hikes"": 3, ""inflationary pressures"": 1, ""price pressures"": 4, ""raise"": 4, ""raising"": 2, ""rate increase"": 1, ""rate increases"": 1, ""reinvestment"": 1, ""resilient"": 6, ""robust"": 8, ""slowdown"": 1, ""slowed"": 1, ""slowing"": 2, ""solid"": 1, ""strong"": 9, ""support"": 5, ""tighten"": 1, ""tightening"": 4, ""tighter monetary policy"": 1, ""too high"": 2, ""uncertainty"": 10, ""upside risks"": 1, ""upward pressures"": 1, ""wage pressures"": 1, ""weakened"": 2, ""weakening"": 2, ""weaker"": 2}",1.0213cd75
BCE,2023-05-04,https://www.ecb.europa.eu/press/press_conference/monetary-policy-statement/2023/html/ecb.is230504~f242392c72.en.html,Declaración introductoria,6526,110,38,0.486,"{""asset purchase programme"": 1, ""cut"": 2, ""determined"": 3, ""downside risk"": 2, ""downside risks"": 1, ""easing"": 2, ""gradual"": 1, ""hike"": 2, ""hikes"": 3, ""inflation remains elevated"": 1, ""inflationary pressures"": 1, ""price pressures"": 5, ""quantitative tightening"": 1, ""raise the three key"": 2, ""rate increases"": 5, ""reinvestment"": 5, ""resilient"": 3, ""restrictive"": 6, ""robust"": 1, ""slowing"": 1, ""solid"": 1, ""strong"": 4, ""sufficiently restrictive"": 7, ""support"": 4, ""tighten"": 1, ""tightening"": 9, ""too high"": 3, ""uncertain"": 2, ""uncertainty"": 2, ""upside risks"": 2, ""wage pressures"": 1, ""wait"": 1, ""weakened"": 1, ""weaker"": 2}",1.0213cd75
BCE,2023-06-15,https://www.ecb.europa.eu/press/press_conference/monetary-policy-statement/2023/html/ecb.is230615~3de9d68335.en.html,Declaración introductoria,5507,71,38,0.303,"{""asset purchase programme"": 1, ""balance sheet reduction"": 1, ""cut"": 2, ""cuts"": 1, ""determined"": 3, ""disinflation"": 1, ""downside risks"": 1, ""downward"": 1, ""ease"": 1, ""hike"": 2, ""hikes"": 2, ""inflationary pressures"": 1, ""moderate"": 1, ""price pressures"": 4, ""raise"": 1, ""raise the three key"": 2, ""raising"": 1, ""rate increase"": 1, ""rate increases"": 1, ""reinvestment"": 4, ""resilient"": 1, ""restrictive"": 2, ""robust"": 1, ""slowing"": 1, ""softening"": 2, ""strong"": 8, ""sufficiently restrictive"": 2, ""support"": 1, ""tightening"": 4, ""too high"": 3, ""uncertain"": 1, ""uncertainty"": 1, ""upside risks"": 2, ""upward pressures"": 1, ""wage pressures"": 1, ""weakened"": 1, ""weakening"": 1, ""weaker"": 2}",1.0213cd75
BCE,2023-07-27,https://www.ecb.europa.eu/press/press_conference/monetary-policy-statement/2023/html/ecb.is230727~e0a11feb2e.en.html,Declaración introductoria,6083,93,36,0.442,"{""above target"": 1, ""asset purchase programme"": 1, ""asset purchases"": 2, ""cut"": 1, ""cuts"": 1, ""deteriorated"": 1, ""determined"": 8, ""downside risks"": 1, ""easing"": 2, ""hike"": 10, ""hikes"": 5, ""inflationary pressures"": 1, ""patience"": 1, ""price pressures"": 3, ""raise"": 1, ""raise the three key"": 2, ""raising"": 2, ""rate increase"": 1, ""rate increases"": 1, ""resilient"": 1, ""robust"": 4, ""slowdown"": 1, ""slowing"": 1, ""strong"": 1, ""sufficiently restrictive"": 3, ""support"": 3, ""tightened"": 3, ""tightening"": 2, ""tighter monetary policy"": 1, ""too high"": 4, ""uncertain"": 1, ""uncertainty"": 1, ""upside risks"": 1, ""upward pressures"": 1, ""wait"": 1, ""weaker"": 3}",1.0213cd75
BCE,2023-09-14,https://www.ecb.europa.eu/press/press_conference/monetary-policy-statement/2023/html/ecb.is230914~686786984a.en.html,Declaración introductoria,6029,84,71,0.084,"{""asset purchases"": 1, ""contraction"": 2, ""cut"": 2, ""determined"": 3, ""downward"": 3, ""ease"": 1, ""easing"": 1, ""hike"": 4, ""hikes"": 1, ""inflationary pressures"": 1, ""price pressures"": 5, ""raise the three key"": 3, ""rate cut"": 1, ""rate increase"": 1, ""rate increases"": 1, ""recession"": 5, ""reinvestment"": 2, ""resilient"": 4, ""slowdown"": 2, ""slowing"": 2, ""sluggish"": 4, ""solid"": 3, ""strong"": 5, ""subdued"": 1, ""sufficiently restrictive"": 8, ""support"": 3, ""tightened"": 1, ""tightening"": 5, ""too high"": 3, ""uncertainty"": 2, ""upside risks"": 1, ""upward pressures"": 1, ""weakened"": 1, ""weakening"": 3, ""weaker"": 3}",1.0213cd75
BCE,2023-10-26,https://www.ecb.europa.eu/press/press_conference/monetary-policy-statement/2023/html/ecb.is231026~c23b4eb5f0.en.html,Declaración introductoria,5602,67,52,0.126,"{""cooling"": 1, ""cut"": 4, ""cuts"": 1, ""determined"": 2, ""ease"": 3, ""gradual"": 1, ""hike"": 1, ""hikes"": 2, ""inflationary pressures"": 1, ""moderating"": 1, ""premature"": 2, ""price pressures"": 6, ""raising"": 1, ""rate increases"": 3, ""reinvestment"": 3, ""resilient"": 1, ""slowed"": 1, ""slowing"": 1, ""strong"": 10, ""subdued"": 2, ""sufficiently restrictive"": 2, ""support"": 1, ""tightened"": 1, ""tightening"": 3, ""tighter monetary policy"": 2, ""too high"": 2, ""uncertain"": 2, ""uncertainty"": 1, ""upside risks"": 1, ""wait"": 1, ""weakened"": 2, ""weakening"": 3, ""weaker"": 3, ""well below"": 1}",1.0213cd75
BCE,2023-12-14,https://www.ecb.europa.eu/press/press_conference/monetary-policy-statement/2023/html/ecb.is231214~df8627de60.en.html,Declaración introductoria,4708,50,72,-0.18,"{""asset purchase programme"": 1, ""cut"": 5, ""determined"": 4, ""downward"": 1, ""hike"": 1, ""inflation has eased"": 1, ""inflationary pressures"": 1, ""normalisation"": 3, ""premature"": 1, ""price pressures"": 3, ""raise"": 2, ""rate cuts"": 6, ""rate increases"": 1, ""recession"": 4, ""reinvest"": 2, ""reinvestment"": 6, ""restrictive"": 1, ""slowdown"": 1, ""solid"": 2, ""strong"": 6, ""subdued"": 4, ""sufficiently restrictive"": 3, ""support"": 6, ""tightening"": 1, ""tighter monetary policy"": 2, ""upside risks"": 1, ""weakened"": 1, ""weakening"": 1, ""weaker"": 4}",1.0213cd75
BCE,2024-01-25,https://www.ecb.europa.eu/press/press_conference/monetary-policy-statement/2024/html/ecb.is240125~db0f145c32.en.html,Declaración introductoria,5700,36,73,-0.339,"{""cut"": 6, ""cuts"": 1, ""determined"": 3, ""disinflation"": 4, ""downside risks"": 1, ""downward"": 1, ""ease"": 2, ""gradual"": 1, ""inflationary pressures"": 1, ""moderate"": 2, ""moderated"": 1, ""premature"": 4, ""price pressures"": 3, ""rate cut"": 2, ""rate cuts"": 5, ""rate increases"": 1, ""recession"": 5, ""resilient"": 1, ""restrictive"": 1, ""robust"": 1, ""slowdown"": 1, ""slowing"": 1, ""subdued"": 1, ""sufficiently restrictive"": 2, ""support"": 2, ""tightening"": 1, ""tighter monetary policy"": 1, ""upside risks"": 1, ""weaker"": 3, ""well below"": 1}",1.0213cd75
BCE,2024-03-07,https://www.ecb.europa.eu/press/press_conference/monetary-policy-statement/2024/html/ecb.is240307~314650bd5c.en.html,Declaración introductoria,5530,51,47,0.041,"{""cut"": 3, ""cuts"": 1, ""determined"": 6, ""disinflation"": 1, ""disinflationary"": 2, ""downward"": 1, ""eased"": 1, ""gradual"": 4, ""lower interest rates"": 1, ""moderate"": 3, ""moderated"": 1, ""moderating"": 2, ""normalisation"": 1, ""price pressures"": 3, ""rate cut"": 2, ""rate cuts"": 1, ""rate increases"": 2, ""resilient"": 1, ""restrictive"": 5, ""robust"": 1, ""slowdown"": 2, ""solid"": 1, ""strong"": 4, ""subdued"": 2, ""sufficiently restrictive"": 2, ""support"": 3, ""tightening"": 2, ""upside risks"": 1, ""vigilant"": 1, ""wait"": 2, ""weaker"": 1}",1.0213cd75
BCE,2024-04-11,https://www.ecb.europa.eu/press/press_conference/monetary-policy-statement/2024/html/ecb.is240411~9974984b58.en.html,Declaración introductoria,5279,48,51,-0.03,"{""cut"": 2, ""decline in inflation"": 1, ""determined"": 5, ""disinflation"": 4, ""disinflationary"": 2, ""ease"": 1, ""easing"": 4, ""gradual"": 3, ""lower inflation"": 1, ""moderate"": 1, ""moderating"": 1, ""normalisation"": 1, ""price pressures"": 3, ""rate cut"": 1, ""rate cuts"": 1, ""rate increases"": 1, ""reinvestment"": 1, ""resilient"": 2, ""restrictive"": 8, ""runoff"": 2, ""slowdown"": 1, ""strong"": 1, ""subdued"": 2, ""sufficiently restrictive"": 2, ""support"": 2, ""tightening"": 1, ""uncertainty"": 1, ""upside risks"": 1, ""upward pressure"": 1, ""wait"": 1, ""weaker"": 3}",1.0213cd75
BCE,2024-06-06,https://www.ecb.europa.eu/press/press_conference/monetary-policy-statement/2024/html/ecb.is240606~d32cd6cc8a.en.html,Declaración introductoria,5966,61,65,-0.032,"{""above target"": 1, ""asset purchase programme"": 2, ""cut"": 11, ""cuts"": 1, ""determined"": 5, ""disinflationary"": 5, ""downward"": 1, ""eased"": 1, ""higher inflation"": 1, ""hike"": 1, ""lower the three key"": 2, ""moderate"": 2, ""moderating"": 2, ""more restrictive"": 1, ""price pressures"": 4, ""raise"": 1, ""rate cut"": 2, ""rate cuts"": 1, ""rate increases"": 1, ""resilient"": 2, ""restrictive"": 8, ""robust"": 1, ""solid"": 1, ""strong"": 3, ""sufficiently restrictive"": 3, ""support"": 2, ""tight labour market"": 1, ""tightened"": 1, ""tightening"": 2, ""uncertain"": 1, ""upside risks"": 1, ""weakened"": 1, ""weaker"": 2}",1.0213cd75
BCE,2024-07-18,https://www.ecb.europa.eu/press/press_conference/monetary-policy-statement/2024/html/ecb.is240718~6600b4add6.en.html,Declaración introductoria,6285,57,44,0.129,"{""cut"": 2, ""determined"": 8, ""disinflationary"": 4, ""eased"": 2, ""lower inflation"": 1, ""moderate"": 2, ""more restrictive"": 1, ""normalisation"": 1, ""price pressures"": 5, ""raise"": 2, ""rate cut"": 7, ""rate cuts"": 1, ""rate increases"": 1, ""resilient"": 1, ""restrictive"": 7, ""strong"": 4, ""sufficiently restrictive"": 2, ""support"": 1, ""supportive"": 1, ""tightened"": 1, ""too high"": 1, ""uncertainty"": 3, ""upside risks"": 1, ""weaker"": 2, ""will raise"": 1}",1.0213cd75
BCE,2024-09-12,https://www.ecb.europa.eu/press/press_conference/monetary-policy-statement/2024/html/ecb.is240912~4f7b17040c.en.html,Declaración introductoria,5333,49,62,-0.117,"{""cut"": 8, ""cuts"": 1, ""determined"": 3, ""disinflation"": 1, ""disinflationary"": 1, ""downward"": 4, ""gradual"": 1, ""moderate"": 2, ""moderating"": 3, ""price pressures"": 2, ""raise"": 1, ""rate cuts"": 1, ""rate increases"": 1, ""resilient"": 2, ""restrictive"": 4, ""slowdown"": 2, ""slowed"": 1, ""sluggish"": 1, ""strong"": 4, ""subdued"": 1, ""sufficiently restrictive"": 7, ""support"": 1, ""tightening"": 4, ""uncertainty"": 2, ""upside risks"": 1, ""weakened"": 2, ""weaker"": 4}",1.0213cd75
BCE,2024-10-17,https://www.ecb.europa.eu/press/press_conference/monetary-policy-statement/2024/html/ecb.is241017~59ad385bab.en.html,Declaración introductoria,5603,57,102,-0.283,"{""above target"": 1, ""accommodation"": 1, ""cut"": 10, ""cuts"": 1, ""determined"": 3, ""disinflation"": 1, ""disinflationary"": 6, ""downside risk"": 1, ""downward"": 1, ""eased"": 1, ""easing"": 2, ""fall in inflation"": 1, ""gradual"": 1, ""lower interest rates"": 1, ""lower the three key"": 2, ""price pressures"": 1, ""raise"": 1, ""rate cut"": 3, ""recession"": 6, ""resilient"": 2, ""restrictive"": 12, ""slowing"": 1, ""sluggish"": 1, ""soft"": 4, ""stimulus"": 2, ""strong"": 5, ""subdued"": 2, ""sufficiently restrictive"": 3, ""support"": 1, ""tightening"": 3, ""uncertainty"": 3, ""upside risk"": 1, ""upside risks"": 1, ""wage pressures"": 1, ""wait"": 1, ""weakened"": 1, ""weaker"": 3}",1.0213cd75
BCE,2024-12-12,https://www.ecb.europa.eu/press/press_conference/monetary-policy-statement/2024/html/ecb.is241212~ce143b3bc8.en.html,Declaración introductoria,5455,54,71,-0.136,"{""cut"": 5, ""determined"": 5, ""disinflation"": 1, ""downside risk"": 2, ""downward"": 1, ""eased"": 1, ""easing"": 3, ""hikes"": 1, ""lower the three key"": 2, ""moderated"": 1, ""premature"": 1, ""rate cut"": 2, ""rate cuts"": 2, ""reinvestment"": 3, ""resilient"": 3, ""restrictive"": 13, ""slowed"": 1, ""slowing"": 3, ""strong"": 2, ""sufficiently restrictive"": 2, ""support"": 3, ""tightening"": 3, ""uncertain"": 6, ""uncertainty"": 10, ""upside risks"": 1, ""wage pressures"": 1, ""weakening"": 1}",1.0213cd75
BCE,2025-01-30,https://www.ecb.europa.eu/press/press_conference/monetary-policy-statement/2025/html/ecb.is250130~1f418aa0f4.en.html,Declaración introductoria,5136,41,49,-0.089,"{""cut"": 2, ""determined"": 4, ""disinflation"": 1, ""disinflationary"": 1, ""downside risk"": 1, ""downward"": 2, ""easing"": 3, ""hike"": 2, ""hikes"": 1, ""lower interest rates"": 1, ""lower the three key"": 2, ""moderated"": 1, ""moderating"": 1, ""premature"": 2, ""rate cuts"": 2, ""resilient"": 1, ""restrictive"": 5, ""robust"": 1, ""slowdown"": 1, ""softened"": 1, ""solid"": 2, ""strong"": 1, ""support"": 4, ""tightened"": 1, ""tightening"": 3, ""uncertain"": 1, ""uncertainty"": 4, ""upside risks"": 1, ""wage pressures"": 1, ""wait"": 2, ""weakening"": 1}",1.0213cd75
BCE,2025-03-06,https://www.ecb.europa.eu/press/press_conference/monetary-policy-statement/2025/html/ecb.is250306~4307bd0941.en.html,Declaración introductoria,5830,62,84,-0.151,"{""accommodative"": 1, ""cut"": 7, ""determined"": 3, ""disinflation"": 2, ""disinflationary"": 1, ""downward"": 2, ""ease"": 1, ""eased"": 1, ""easing"": 2, ""gradual"": 2, ""hikes"": 3, ""lower the three key"": 2, ""moderate"": 1, ""moderated"": 1, ""moderating"": 1, ""quantitative tightening"": 1, ""raise"": 1, ""rate cut"": 2, ""rate cuts"": 3, ""resilient"": 2, ""restrictive"": 13, ""robust"": 2, ""slowed"": 1, ""slowing"": 1, ""solid"": 2, ""strong"": 2, ""subdued"": 3, ""support"": 1, ""supportive"": 1, ""tightening"": 3, ""uncertainty"": 18, ""upward pressure"": 1, ""vigilant"": 4, ""wait"": 1, ""weakening"": 1}",1.0213cd75
BCE,2025-04-17,https://www.ecb.europa.eu/press/press_conference/monetary-policy-statement/2025/html/ecb.is250417~091c625eb6.en.html,Declaración introductoria,5931,25,68,-0.462,"{""accommodative"": 1, ""cut"": 3, ""deteriorated"": 1, ""determined"": 4, ""disinflation"": 1, ""disinflationary"": 2, ""downside risks"": 4, ""downward"": 2, ""eased"": 2, ""lower inflation"": 1, ""lower interest rates"": 1, ""lower the three key"": 2, ""moderating"": 2, ""raise"": 3, ""rate cut"": 2, ""rate cuts"": 1, ""resilient"": 2, ""restrictive"": 1, ""solid"": 5, ""stimulus"": 1, ""strong"": 4, ""subdued"": 1, ""tightened"": 1, ""tightening"": 1, ""uncertainty"": 17, ""upward pressure"": 1}",1.0213cd75
BCE,2025-06-05,https://www.ecb.europa.eu/press/press_conference/monetary-policy-statement/2025/html/ecb.is250605~f00a36ef2b.en.html,Declaración introductoria,5898,28,90,-0.525,"{""below target"": 1, ""cut"": 11, ""deterioration"": 1, ""determined"": 7, ""downward"": 4, ""eased"": 1, ""easing"": 1, ""higher inflation"": 1, ""lower inflation"": 1, ""lower the three key"": 2, ""moderate"": 1, ""moderating"": 1, ""quantitative tightening"": 1, ""raise"": 2, ""rate cut"": 2, ""rate cuts"": 5, ""recession"": 1, ""resilient"": 4, ""restrictive"": 2, ""robust"": 2, ""slowing"": 1, ""solid"": 1, ""strong"": 4, ""subdued"": 1, ""support"": 4, ""supportive"": 1, ""tightening"": 1, ""uncertain"": 3, ""uncertainty"": 10, ""wait"": 3, ""weaker"": 2}",1.0213cd75
BCE,2025-07-24,https://www.ecb.europa.eu/press/press_conference/monetary-policy-statement/2025/html/ecb.is250724~a66e730494.en.html,Declaración introductoria,5224,21,66,-0.517,"{""cut"": 3, ""cuts"": 1, ""deterioration"": 1, ""determined"": 4, ""disinflationary"": 6, ""downward"": 1, ""ease"": 1, ""eased"": 1, ""hike"": 1, ""hikes"": 1, ""lower inflation"": 1, ""lower interest rates"": 1, ""moderate"": 1, ""moderated"": 1, ""price pressures"": 1, ""raise"": 1, ""rate cut"": 2, ""rate cuts"": 3, ""reinvestment"": 1, ""resilient"": 2, ""robust"": 1, ""slowed"": 1, ""solid"": 1, ""strong"": 2, ""support"": 2, ""tightened"": 1, ""tightening"": 1, ""uncertain"": 2, ""uncertainty"": 13, ""wait"": 3}",1.0213cd75
BCE,2025-09-11,https://www.ecb.europa.eu/press/press_conference/monetary-policy-statement/2025/html/ecb.is250911~a13675b834.en.html,Declaración introductoria,6136,11,51,-0.645,"{""below target"": 1, ""cut"": 1, ""deterioration"": 1, ""determined"": 2, ""disinflationary"": 2, ""downside risks"": 1, ""easing"": 2, ""lower inflation"": 1, ""moderate"": 1, ""price pressures"": 1, ""quantitative tightening"": 1, ""raise"": 1, ""rate cut"": 3, ""rate cuts"": 3, ""resilient"": 1, ""slowdown"": 1, ""softening"": 1, ""solid"": 1, ""strong"": 1, ""tightened"": 1, ""uncertain"": 2, ""uncertainty"": 11, ""weaker"": 2}",1.0213cd75
BCE,2025-10-30,https://www.ecb.europa.eu/press/press_conference/monetary-policy-statement/2025/html/ecb.is251030~4f74dde15e.en.html,Declaración introductoria,6545,23,61,-0.452,"{""cooled"": 1, ""cut"": 1, ""deterioration"": 1, ""determined"": 5, ""downside risk"": 1, ""downside risks"": 8, ""eased"": 1, ""easing"": 1, ""hike"": 1, ""lower inflation"": 1, ""moderate"": 2, ""raise"": 1, ""rate cut"": 2, ""rate cuts"": 3, ""resilient"": 1, ""robust"": 1, ""slowed"": 2, ""solid"": 1, ""strong"": 2, ""support"": 2, ""supportive"": 1, ""tighten"": 1, ""tightened"": 1, ""tightening"": 2, ""uncertain"": 2, ""uncertainty"": 4, ""upside risk"": 1, ""wait"": 2, ""weakening"": 2, ""weaker"": 1}",1.0213cd75
BCE,2025-12-18,https://www.ecb.europa.eu/press/press_conference/monetary-policy-statement/2025/html/ecb.is251218~3a10402adb.en.html,Declaración introductoria,5446,24,33,-0.158,"{""accommodation"": 1, ""cooled"": 1, ""cut"": 1, ""deterioration"": 1, ""determined"": 3, ""ease"": 1, ""eased"": 1, ""higher inflation"": 1, ""hike"": 1, ""hikes"": 1, ""lower inflation"": 1, ""raise"": 1, ""rate cuts"": 1, ""resilient"": 4, ""robust"": 2, ""solid"": 2, ""stimulus"": 1, ""strong"": 5, ""support"": 2, ""uncertain"": 1, ""uncertainty"": 11, ""wage pressures"": 1, ""wait"": 1, ""weaker"": 1}",1.0213cd75
BCE,2026-02-05,https://www.ecb.europa.eu/press/press_conference/monetary-policy-statement/2026/html/ecb.is260205~50858cb986.en.html,Declaración introductoria,4536,14,30,-0.364,"{""cooled"": 1, ""deterioration"": 1, ""determined"": 2, ""disinflation"": 1, ""downside risks"": 1, ""eased"": 1, ""easing"": 2, ""gradual"": 1, ""lower inflation"": 1, ""moderated"": 1, ""rate cuts"": 1, ""resilient"": 2, ""solid"": 1, ""strong"": 6, ""support"": 1, ""supportive"": 1, ""tightened"": 1, ""uncertain"": 3, ""uncertainty"": 6, ""weaker"": 1}",1.0213cd75
BCE,2026-03-19,https://www.ecb.europa.eu/press/press_conference/monetary-policy-statement/2026/html/ecb.is260319~93b1cbad97.en.html,Declaración introductoria,4691,13,28,-0.366,"{""cut"": 3, ""determined"": 4, ""downside risk"": 1, ""downside risks"": 1, ""downward"": 2, ""ease"": 1, ""lower inflation"": 1, ""patient"": 1, ""raising"": 1, ""slowed"": 1, ""solid"": 2, ""support"": 2, ""tighten"": 1, ""tightened"": 1, ""uncertain"": 2, ""uncertainty"": 3, ""upside risks"": 1}",1.0213cd75
BCE,2026-04-30,https://www.ecb.europa.eu/press/press_conference/monetary-policy-statement/2026/html/ecb.is260430~f99cb123a8.en.html,Declaración introductoria,6199,35,29,0.094,"{""cooled"": 1, ""cut"": 1, ""deteriorated"": 1, ""determined"": 2, ""downside risk"": 1, ""downside risks"": 2, ""easing"": 1, ""hike"": 3, ""hikes"": 2, ""lower inflation"": 1, ""raise"": 1, ""recession"": 2, ""resilient"": 2, ""slowing"": 1, ""soft"": 2, ""solid"": 3, ""strong"": 3, ""support"": 1, ""tightened"": 1, ""tightening"": 4, ""uncertain"": 1, ""uncertainty"": 5, ""upside risks"": 2}",1.0213cd75
BCE,2026-06-11,https://www.ecb.europa.eu/press/press_conference/monetary-policy-statement/2026/html/ecb.is260611~372040d313.en.html,Declaración introductoria,5810,47,27,0.27,"{""above target"": 1, ""cooled"": 1, ""cut"": 1, ""downside risks"": 1, ""downward"": 1, ""ease"": 1, ""eased"": 1, ""higher inflation"": 1, ""hike"": 7, ""lower inflation"": 1, ""moderate"": 1, ""raise"": 2, ""raise interest rates"": 1, ""raise the three key"": 2, ""rate increases"": 1, ""resilient"": 2, ""restrictive"": 1, ""robust"": 8, ""slowdown"": 1, ""solid"": 2, ""strong"": 1, ""support"": 1, ""too high"": 2, ""uncertain"": 1, ""uncertainty"": 8, ""upside risks"": 1, ""weaker"": 1}",1.0213cd75
BCE,2026-07-23,https://www.ecb.europa.eu/press/press_conference/monetary-policy-statement/2026/html/ecb.is260723~b6fadd48f4.en.html,Declaración introductoria,5150,29,26,0.055,"{""above target"": 1, ""cut"": 4, ""determined"": 1, ""downside risks"": 1, ""eased"": 1, ""gradual"": 1, ""hike"": 4, ""hikes"": 1, ""lower inflation"": 1, ""moderate"": 1, ""raise"": 1, ""raise interest rates"": 1, ""raising"": 2, ""rate increase"": 1, ""robust"": 1, ""tightened"": 2, ""tightening"": 1, ""uncertain"": 1, ""uncertainty"": 6, ""vigilant"": 1, ""wait"": 1, ""weakening"": 1, ""weaker"": 1}",1.0213cd75
BCE,2026-09-10,https://www.ecb.europa.eu/press/press_conference/monetary-policy-statement/2026/html/ecb.is260910~6a45359cfc.en.html,Declaración introductoria,5728,30,18,0.25,"{""above target"": 3, ""cut"": 2, ""determined"": 2, ""higher inflation"": 1, ""hike"": 1, ""hikes"": 1, ""lower inflation"": 2, ""moderating"": 1, ""raise the three key"": 2, ""rate increase"": 1, ""resilient"": 1, ""restrictive"": 1, ""robust"": 2, ""slowed"": 1, ""softened"": 1, ""solid"": 1, ""strong"": 2, ""support"": 2, ""tighten"": 1, ""tightening"": 2, ""uncertain"": 1, ""uncertainty"": 4}",1.0213cd75
BoJ,2015-01-21,https://www.boj.or.jp/en/mopo/mpmdeci/mpr_2015/k150121a.pdf,Statement on Monetary Policy,2019,23,18,0.122,"{""accommodative"": 1, ""asset purchases"": 2, ""downside risks"": 1, ""hike"": 6, ""hikes"": 5, ""moderate"": 2, ""monetary easing"": 3, ""resilient"": 1, ""support"": 2}",1.0213cd75
BoJ,2015-02-18,https://www.boj.or.jp/en/mopo/mpmdeci/mpr_2015/k150218a.pdf,Statement on Monetary Policy,890,5,19,-0.583,"{""accommodative"": 1, ""asset purchases"": 2, ""downside risks"": 1, ""hike"": 2, ""moderate"": 3, ""monetary easing"": 3, ""resilient"": 1, ""sluggish"": 1}",1.0213cd75
BoJ,2015-03-17,https://www.boj.or.jp/en/mopo/mpmdeci/mpr_2015/k150317a.pdf,Statement on Monetary Policy,907,5,19,-0.583,"{""accommodative"": 1, ""asset purchases"": 2, ""downside risks"": 1, ""hike"": 2, ""moderate"": 3, ""monetary easing"": 3, ""resilient"": 1, ""sluggish"": 1}",1.0213cd75
BoJ,2015-04-08,https://www.boj.or.jp/en/mopo/mpmdeci/mpr_2015/k150408a.pdf,Statement on Monetary Policy,886,5,17,-0.545,"{""accommodative"": 1, ""asset purchases"": 3, ""downside risks"": 1, ""hike"": 2, ""moderate"": 3, ""monetary easing"": 1, ""resilient"": 1, ""sluggish"": 1}",1.0213cd75
BoJ,2015-04-30,https://www.boj.or.jp/en/mopo/mpmdeci/mpr_2015/k150430a.pdf,Statement on Monetary Policy,361,0,4,-1.0,"{""asset purchases"": 2}",1.0213cd75
BoJ,2015-05-22,https://www.boj.or.jp/en/mopo/mpmdeci/mpr_2015/k150522a.pdf,Statement on Monetary Policy,843,3,15,-0.667,"{""accommodative"": 1, ""asset purchases"": 3, ""downside risks"": 1, ""hike"": 1, ""moderate"": 3, ""monetary easing"": 1, ""resilient"": 1}",1.0213cd75
BoJ,2015-06-19,https://www.boj.or.jp/en/mopo/mpmdeci/mpr_2015/k150619a.pdf,Statement on Monetary Policy,840,3,15,-0.667,"{""accommodative"": 1, ""asset purchases"": 3, ""downside risks"": 1, ""hike"": 1, ""moderate"": 3, ""monetary easing"": 1, ""resilient"": 1}",1.0213cd75
BoJ,2015-07-15,https://www.boj.or.jp/en/mopo/mpmdeci/mpr_2015/k150715a.pdf,Statement on Monetary Policy,1671,15,14,0.034,"{""accommodative"": 1, ""asset purchases"": 3, ""downside risks"": 1, ""hike"": 4, ""hikes"": 3, ""moderate"": 2, ""monetary easing"": 1, ""resilient"": 1}",1.0213cd75
BoJ,2015-08-07,https://www.boj.or.jp/en/mopo/mpmdeci/mpr_2015/k150807a.pdf,Statement on Monetary Policy,819,1,14,-0.867,"{""accommodative"": 1, ""asset purchases"": 3, ""downside risks"": 1, ""moderate"": 2, ""monetary easing"": 1, ""resilient"": 1}",1.0213cd75
BoJ,2015-09-15,https://www.boj.or.jp/en/mopo/mpmdeci/mpr_2015/k150915a.pdf,Statement on Monetary Policy,848,1,21,-0.909,"{""accommodative"": 1, ""asset purchases"": 3, ""downside risks"": 1, ""moderate"": 3, ""monetary easing"": 1, ""resilient"": 1, ""slowdown"": 3}",1.0213cd75
BoJ,2015-10-07,https://www.boj.or.jp/en/mopo/mpmdeci/mpr_2015/k151007a.pdf,Statement on Monetary Policy,869,1,21,-0.909,"{""accommodative"": 1, ""asset purchases"": 3, ""downside risks"": 1, ""moderate"": 3, ""monetary easing"": 1, ""resilient"": 1, ""slowdown"": 3}",1.0213cd75
BoJ,2015-10-30,https://www.boj.or.jp/en/mopo/mpmdeci/mpr_2015/k151030a.pdf,Statement on Monetary Policy,360,0,4,-1.0,"{""asset purchases"": 2}",1.0213cd75
BoJ,2015-11-19,https://www.boj.or.jp/en/mopo/mpmdeci/mpr_2015/k151119a.pdf,Statement on Monetary Policy,857,1,21,-0.909,"{""accommodative"": 1, ""asset purchases"": 3, ""downside risks"": 1, ""moderate"": 3, ""monetary easing"": 1, ""resilient"": 1, ""slowdown"": 3}",1.0213cd75
BoJ,2015-12-18,https://www.boj.or.jp/en/mopo/mpmdeci/mpr_2015/k151218a.pdf,Statement on Monetary Policy,2337,1,31,-0.938,"{""accommodative"": 1, ""asset purchases"": 4, ""downside risks"": 1, ""moderate"": 3, ""monetary easing"": 3, ""resilient"": 1, ""slowdown"": 2, ""support"": 6}",1.0213cd75
BoJ,2016-01-29,https://www.boj.or.jp/en/mopo/mpmdeci/mpr_2016/k160129a.pdf,Statement on Monetary Policy,1993,2,81,-0.952,"{""asset purchases"": 6, ""cut"": 1, ""determined"": 2, ""downward"": 1, ""easing"": 1, ""monetary easing"": 5, ""negative interest rate"": 24, ""support"": 4, ""uncertainty"": 1}",1.0213cd75
BoJ,2016-03-15,https://www.boj.or.jp/en/mopo/mpmdeci/mpr_2016/k160315a.pdf,Statement on Monetary Policy,1671,1,34,-0.943,"{""asset purchases"": 4, ""easing"": 1, ""highly accommodative"": 1, ""moderate"": 5, ""monetary easing"": 1, ""negative interest rate"": 3, ""resilient"": 1, ""slowdown"": 1, ""sluggish"": 1, ""support"": 3, ""weakened"": 1}",1.0213cd75
BoJ,2016-04-28,https://www.boj.or.jp/en/mopo/mpmdeci/mpr_2016/k160428a.pdf,Statement on Monetary Policy,744,0,8,-1.0,"{""asset purchases"": 3, ""negative interest rate"": 1}",1.0213cd75
BoJ,2016-06-16,https://www.boj.or.jp/en/mopo/mpmdeci/mpr_2016/k160616a.pdf,Statement on Monetary Policy,1308,1,30,-0.935,"{""asset purchases"": 4, ""easing"": 1, ""highly accommodative"": 1, ""moderate"": 4, ""monetary easing"": 1, ""negative interest rate"": 2, ""resilient"": 1, ""slowdown"": 1, ""slowing"": 1, ""sluggish"": 1, ""weakened"": 1}",1.0213cd75
BoJ,2016-07-29,https://www.boj.or.jp/en/mopo/mpmdeci/mpr_2016/k160729a.pdf,Statement on Monetary Policy,1424,0,40,-1.0,"{""asset purchases"": 5, ""deterioration"": 1, ""easing"": 1, ""highly accommodative"": 1, ""monetary easing"": 3, ""negative interest rate"": 4, ""slowdown"": 1, ""stimulus"": 1, ""support"": 5, ""uncertainty"": 1}",1.0213cd75
BoJ,2016-09-21,https://www.boj.or.jp/en/mopo/mpmdeci/mpr_2016/k160921a.pdf,Statement on Monetary Policy,3638,9,81,-0.8,"{""accommodative"": 1, ""asset purchases"": 4, ""cut"": 2, ""deterioration"": 1, ""downward"": 1, ""easing"": 2, ""highly accommodative"": 1, ""hike"": 1, ""moderate"": 5, ""monetary easing"": 9, ""negative interest rate"": 9, ""raise"": 2, ""raising"": 2, ""resilient"": 1, ""slowdown"": 2, ""sluggish"": 1, ""subdued"": 1, ""uncertain"": 3, ""uncertainty"": 1, ""weakened"": 2, ""will raise"": 1}",1.0213cd75
BoJ,2016-11-01,https://www.boj.or.jp/en/mopo/mpmdeci/mpr_2016/k161101a.pdf,Statement on Monetary Policy,700,0,10,-1.0,"{""asset purchases"": 4, ""negative interest rate"": 1}",1.0213cd75
BoJ,2016-12-20,https://www.boj.or.jp/en/mopo/mpmdeci/mpr_2016/k161220a.pdf,Statement on Monetary Policy,1331,1,30,-0.935,"{""asset purchases"": 5, ""highly accommodative"": 2, ""moderate"": 6, ""monetary easing"": 1, ""negative interest rate"": 1, ""resilient"": 1, ""sluggish"": 1, ""stimulus"": 1, ""weakening"": 1}",1.0213cd75
BoJ,2017-01-31,https://www.boj.or.jp/en/mopo/mpmdeci/mpr_2017/k170131a.pdf,Statement on Monetary Policy,773,0,12,-1.0,"{""asset purchases"": 4, ""negative interest rate"": 1, ""support"": 2}",1.0213cd75
BoJ,2017-03-16,https://www.boj.or.jp/en/mopo/mpmdeci/mpr_2017/k170316a.pdf,Statement on Monetary Policy,1318,1,30,-0.935,"{""asset purchases"": 5, ""highly accommodative"": 2, ""moderate"": 6, ""monetary easing"": 1, ""negative interest rate"": 1, ""resilient"": 1, ""sluggish"": 1, ""stimulus"": 1, ""weakening"": 1}",1.0213cd75
BoJ,2017-04-27,https://www.boj.or.jp/en/mopo/mpmdeci/mpr_2017/k170427a.pdf,Statement on Monetary Policy,706,0,10,-1.0,"{""asset purchases"": 4, ""negative interest rate"": 1}",1.0213cd75
BoJ,2017-06-16,https://www.boj.or.jp/en/mopo/mpmdeci/mpr_2017/k170616a.pdf,Statement on Monetary Policy,1293,2,27,-0.862,"{""asset purchases"": 5, ""highly accommodative"": 2, ""moderate"": 5, ""monetary easing"": 1, ""negative interest rate"": 1, ""stimulus"": 1, ""tighten"": 1, ""weakening"": 1}",1.0213cd75
BoJ,2017-07-20,https://www.boj.or.jp/en/mopo/mpmdeci/mpr_2017/k170720a.pdf,Statement on Monetary Policy,703,0,10,-1.0,"{""asset purchases"": 4, ""negative interest rate"": 1}",1.0213cd75
BoJ,2017-09-21,https://www.boj.or.jp/en/mopo/mpmdeci/mpr_2017/k170921a.pdf,Statement on Monetary Policy,936,2,22,-0.833,"{""asset purchases"": 2, ""highly accommodative"": 2, ""moderate"": 4, ""monetary easing"": 2, ""negative interest rate"": 1, ""stimulus"": 1, ""tighten"": 1, ""weakening"": 1}",1.0213cd75
BoJ,2017-10-31,https://www.boj.or.jp/en/mopo/mpmdeci/mpr_2017/k171031a.pdf,Statement on Monetary Policy,523,0,8,-1.0,"{""asset purchases"": 2, ""easing"": 1, ""negative interest rate"": 1}",1.0213cd75
BoJ,2017-12-21,https://www.boj.or.jp/en/mopo/mpmdeci/mpr_2017/k171221a.pdf,Statement on Monetary Policy,1001,4,21,-0.68,"{""asset purchases"": 2, ""easing"": 1, ""highly accommodative"": 2, ""hike"": 1, ""moderate"": 3, ""monetary easing"": 1, ""negative interest rate"": 1, ""stimulus"": 1, ""tighten"": 1, ""weakening"": 1}",1.0213cd75
BoJ,2018-01-23,https://www.boj.or.jp/en/mopo/mpmdeci/state_2018/k180123a.htm,Statement on Monetary Policy,1424,2,10,-0.667,"{""asset purchases"": 2, ""easing"": 1, ""hike"": 1, ""negative interest rate"": 1, ""support"": 2}",1.0213cd75
BoJ,2018-03-09,https://www.boj.or.jp/en/mopo/mpmdeci/state_2018/k180309a.htm,Statement on Monetary Policy,1793,5,20,-0.6,"{""asset purchases"": 2, ""easing"": 1, ""firm"": 1, ""highly accommodative"": 2, ""hike"": 1, ""moderate"": 2, ""monetary easing"": 1, ""negative interest rate"": 1, ""stimulus"": 1, ""tighten"": 1, ""weakening"": 1}",1.0213cd75
BoJ,2018-04-27,https://www.boj.or.jp/en/mopo/mpmdeci/state_2018/k180427a.htm,Statement on Monetary Policy,1475,2,12,-0.714,"{""asset purchases"": 2, ""easing"": 1, ""hike"": 1, ""monetary easing"": 2, ""negative interest rate"": 1}",1.0213cd75
BoJ,2018-06-15,https://www.boj.or.jp/en/mopo/mpmdeci/state_2018/k180615a.htm,Statement on Monetary Policy,1801,5,22,-0.63,"{""asset purchases"": 2, ""downward"": 1, ""easing"": 1, ""firm"": 1, ""highly accommodative"": 2, ""hike"": 1, ""moderate"": 2, ""monetary easing"": 2, ""negative interest rate"": 1, ""tighten"": 1, ""weakening"": 1}",1.0213cd75
BoJ,2018-07-31,https://www.boj.or.jp/en/mopo/mpmdeci/state_2018/k180731a.htm,Statement on Monetary Policy,2069,4,32,-0.778,"{""asset purchases"": 3, ""downward"": 3, ""easing"": 1, ""hike"": 1, ""monetary easing"": 7, ""negative interest rate"": 2, ""tighten"": 1}",1.0213cd75
BoJ,2018-09-19,https://www.boj.or.jp/en/mopo/mpmdeci/state_2018/k180919a.htm,Statement on Monetary Policy,1969,5,24,-0.655,"{""asset purchases"": 2, ""downward"": 3, ""easing"": 1, ""firm"": 1, ""highly accommodative"": 2, ""hike"": 1, ""moderate"": 2, ""monetary easing"": 2, ""negative interest rate"": 1, ""tighten"": 1}",1.0213cd75
BoJ,2018-10-31,https://www.boj.or.jp/en/mopo/mpmdeci/state_2018/k181031a.htm,Statement on Monetary Policy,1624,2,18,-0.8,"{""asset purchases"": 2, ""downward"": 3, ""easing"": 1, ""hike"": 1, ""monetary easing"": 2, ""negative interest rate"": 1}",1.0213cd75
BoJ,2018-12-20,https://www.boj.or.jp/en/mopo/mpmdeci/state_2018/k181220a.htm,Statement on Monetary Policy,1972,4,24,-0.714,"{""asset purchases"": 2, ""downward"": 3, ""easing"": 1, ""highly accommodative"": 2, ""hike"": 1, ""moderate"": 2, ""monetary easing"": 2, ""negative interest rate"": 1, ""tighten"": 1}",1.0213cd75
BoJ,2019-01-23,https://www.boj.or.jp/en/mopo/mpmdeci/state_2019/k190123a.htm,Statement on Monetary Policy,1684,2,20,-0.818,"{""asset purchases"": 2, ""downward"": 3, ""easing"": 1, ""hike"": 1, ""monetary easing"": 2, ""negative interest rate"": 1, ""support"": 2}",1.0213cd75
BoJ,2019-03-15,https://www.boj.or.jp/en/mopo/mpmdeci/state_2019/k190315a.htm,Statement on Monetary Policy,2008,4,29,-0.758,"{""asset purchases"": 2, ""downward"": 3, ""easing"": 1, ""highly accommodative"": 2, ""hike"": 1, ""moderate"": 3, ""monetary easing"": 2, ""negative interest rate"": 1, ""slowdown"": 2, ""tighten"": 1}",1.0213cd75
BoJ,2019-04-25,https://www.boj.or.jp/en/mopo/mpmdeci/state_2019/k190425a.htm,Statement on Monetary Policy,2281,6,38,-0.727,"{""asset purchases"": 4, ""downward"": 3, ""easing"": 1, ""hike"": 2, ""moderate"": 1, ""monetary easing"": 7, ""negative interest rate"": 1, ""slowdown"": 1, ""support"": 3, ""tightening"": 1}",1.0213cd75
BoJ,2019-06-20,https://www.boj.or.jp/en/mopo/mpmdeci/state_2019/k190620a.htm,Statement on Monetary Policy,2042,4,31,-0.771,"{""asset purchases"": 2, ""downside risks"": 1, ""downward"": 3, ""easing"": 1, ""highly accommodative"": 2, ""hike"": 1, ""moderate"": 3, ""monetary easing"": 2, ""negative interest rate"": 1, ""slowdown"": 2, ""tighten"": 1}",1.0213cd75
BoJ,2019-07-30,https://www.boj.or.jp/en/mopo/mpmdeci/state_2019/k190730a.htm,Statement on Monetary Policy,1650,2,18,-0.8,"{""asset purchases"": 2, ""downside risks"": 1, ""downward"": 2, ""easing"": 1, ""hike"": 1, ""monetary easing"": 2, ""negative interest rate"": 1}",1.0213cd75
BoJ,2019-09-19,https://www.boj.or.jp/en/mopo/mpmdeci/state_2019/k190919a.htm,Statement on Monetary Policy,2161,4,33,-0.784,"{""asset purchases"": 2, ""downside risks"": 3, ""downward"": 2, ""easing"": 1, ""highly accommodative"": 2, ""hike"": 2, ""moderate"": 3, ""monetary easing"": 2, ""negative interest rate"": 1, ""slowdown"": 2}",1.0213cd75
BoJ,2019-10-31,https://www.boj.or.jp/en/mopo/mpmdeci/state_2019/k191031a.htm,Statement on Monetary Policy,2765,7,33,-0.65,"{""asset purchases"": 3, ""downside risks"": 3, ""downward"": 2, ""easing"": 1, ""hike"": 2, ""moderate"": 1, ""monetary easing"": 3, ""negative interest rate"": 1, ""raising"": 2, ""slowdown"": 3, ""strong"": 1}",1.0213cd75
BoJ,2019-12-19,https://www.boj.or.jp/en/mopo/mpmdeci/state_2019/k191219a.htm,Statement on Monetary Policy,2092,4,33,-0.784,"{""asset purchases"": 2, ""downside risks"": 2, ""downward"": 2, ""easing"": 1, ""highly accommodative"": 2, ""hike"": 2, ""moderate"": 3, ""monetary easing"": 2, ""negative interest rate"": 1, ""slowdown"": 3}",1.0213cd75
BoJ,2020-01-21,https://www.boj.or.jp/en/mopo/mpmdeci/state_2020/k200121a.htm,Statement on Monetary Policy,1627,0,18,-1.0,"{""asset purchases"": 2, ""downside risks"": 1, ""downward"": 2, ""easing"": 1, ""monetary easing"": 2, ""negative interest rate"": 1}",1.0213cd75
BoJ,2020-04-27,https://www.boj.or.jp/en/mopo/mpmdeci/state_2020/k200427a.htm,Statement on Monetary Policy,2531,2,27,-0.862,"{""deterioration"": 1, ""downward"": 2, ""easing"": 1, ""less accommodative"": 1, ""monetary easing"": 8, ""negative interest rate"": 1, ""support"": 1}",1.0213cd75
BoJ,2020-05-22,https://www.boj.or.jp/en/mopo/mpmdeci/mpr_2020/k200522a.pdf,Statement on Monetary Policy,603,0,7,-1.0,"{""easing"": 1, ""support"": 5}",1.0213cd75
BoJ,2020-06-16,https://www.boj.or.jp/en/mopo/mpmdeci/state_2020/k200616a.htm,Statement on Monetary Policy,1986,0,26,-1.0,"{""accommodative"": 2, ""asset purchases"": 2, ""deteriorated"": 1, ""deterioration"": 1, ""downward"": 2, ""easing"": 1, ""monetary easing"": 2, ""negative interest rate"": 1, ""support"": 2}",1.0213cd75
BoJ,2020-07-15,https://www.boj.or.jp/en/mopo/mpmdeci/state_2020/k200715a.htm,Statement on Monetary Policy,1619,0,18,-1.0,"{""asset purchases"": 2, ""downward"": 2, ""easing"": 1, ""monetary easing"": 2, ""negative interest rate"": 1, ""support"": 2}",1.0213cd75
BoJ,2020-09-17,https://www.boj.or.jp/en/mopo/mpmdeci/state_2020/k200917a.htm,Statement on Monetary Policy,2030,0,29,-1.0,"{""accommodative"": 2, ""asset purchases"": 2, ""deteriorated"": 1, ""downward"": 3, ""easing"": 1, ""moderate"": 1, ""monetary easing"": 2, ""negative interest rate"": 1, ""support"": 2, ""weakened"": 1}",1.0213cd75
BoJ,2020-10-29,https://www.boj.or.jp/en/mopo/mpmdeci/state_2020/k201029a.htm,Statement on Monetary Policy,1619,0,18,-1.0,"{""asset purchases"": 2, ""downward"": 2, ""easing"": 1, ""monetary easing"": 2, ""negative interest rate"": 1, ""support"": 2}",1.0213cd75
BoJ,2020-12-18,https://www.boj.or.jp/en/mopo/mpmdeci/state_2020/k201218a.htm,Statement on Monetary Policy,2457,4,32,-0.778,"{""accommodative"": 2, ""deteriorated"": 1, ""downward"": 4, ""easing"": 1, ""moderate"": 2, ""monetary easing"": 3, ""negative interest rate"": 1, ""support"": 4, ""vigilance"": 2, ""weakened"": 1}",1.0213cd75
BoJ,2021-01-21,https://www.boj.or.jp/en/mopo/mpmdeci/state_2021/k210121a.htm,Statement on Monetary Policy,1682,0,19,-1.0,"{""asset purchases"": 2, ""downward"": 2, ""easing"": 1, ""monetary easing"": 2, ""negative interest rate"": 1, ""support"": 3}",1.0213cd75
BoJ,2021-03-19,https://www.boj.or.jp/en/mopo/mpmdeci/state_2021/k210319a.htm,Statement on Monetary Policy,4642,7,93,-0.86,"{""accommodative"": 2, ""asset purchases"": 3, ""cut"": 4, ""downward"": 7, ""easing"": 4, ""gradual"": 1, ""moderate"": 1, ""monetary easing"": 18, ""negative interest rate"": 2, ""rate cuts"": 2, ""strong"": 1, ""support"": 6, ""tightened"": 1, ""upward pressure"": 1, ""vigilance"": 1, ""weakened"": 1}",1.0213cd75
BoJ,2021-04-27,https://www.boj.or.jp/en/mopo/mpmdeci/state_2021/k210427a.htm,Statement on Monetary Policy,1510,0,16,-1.0,"{""asset purchases"": 2, ""downward"": 1, ""easing"": 1, ""monetary easing"": 2, ""negative interest rate"": 1, ""support"": 2}",1.0213cd75
BoJ,2021-06-18,https://www.boj.or.jp/en/mopo/mpmdeci/state_2021/k210618a.htm,Statement on Monetary Policy,2210,1,25,-0.923,"{""accommodative"": 2, ""asset purchases"": 2, ""downward"": 1, ""easing"": 1, ""monetary easing"": 2, ""negative interest rate"": 1, ""strong"": 1, ""support"": 7}",1.0213cd75
BoJ,2021-07-16,https://www.boj.or.jp/en/mopo/mpmdeci/state_2021/k210716a.htm,Statement on Monetary Policy,1829,0,16,-1.0,"{""asset purchases"": 2, ""easing"": 1, ""monetary easing"": 2, ""negative interest rate"": 1, ""support"": 4}",1.0213cd75
BoJ,2021-09-22,https://www.boj.or.jp/en/mopo/mpmdeci/state_2021/k210922a.htm,Statement on Monetary Policy,1937,1,22,-0.913,"{""accommodative"": 2, ""asset purchases"": 2, ""downward"": 1, ""easing"": 1, ""moderate"": 1, ""monetary easing"": 2, ""negative interest rate"": 1, ""strong"": 1, ""support"": 3}",1.0213cd75
BoJ,2021-10-28,https://www.boj.or.jp/en/mopo/mpmdeci/state_2021/k211028a.htm,Statement on Monetary Policy,1491,0,14,-1.0,"{""asset purchases"": 2, ""easing"": 1, ""monetary easing"": 2, ""negative interest rate"": 1, ""support"": 2}",1.0213cd75
BoJ,2021-12-17,https://www.boj.or.jp/en/mopo/mpmdeci/state_2021/k211217a.htm,Statement on Monetary Policy,2307,0,23,-1.0,"{""accommodative"": 2, ""asset purchases"": 1, ""downward"": 2, ""easing"": 1, ""monetary easing"": 2, ""negative interest rate"": 1, ""support"": 5}",1.0213cd75
BoJ,2022-01-18,https://www.boj.or.jp/en/mopo/mpmdeci/state_2022/k220118a.htm,Statement on Monetary Policy,1517,0,14,-1.0,"{""asset purchases"": 2, ""easing"": 1, ""monetary easing"": 2, ""negative interest rate"": 1, ""support"": 2}",1.0213cd75
BoJ,2022-03-18,https://www.boj.or.jp/en/mopo/mpmdeci/state_2022/k220318a.htm,Statement on Monetary Policy,1957,0,23,-1.0,"{""accommodative"": 2, ""asset purchases"": 2, ""downward"": 2, ""easing"": 1, ""monetary easing"": 2, ""negative interest rate"": 1, ""support"": 3}",1.0213cd75
BoJ,2022-04-28,https://www.boj.or.jp/en/mopo/mpmdeci/state_2022/k220428a.htm,Statement on Monetary Policy,1486,0,13,-1.0,"{""asset purchases"": 2, ""easing"": 1, ""monetary easing"": 2, ""negative interest rate"": 1, ""support"": 1}",1.0213cd75
BoJ,2022-06-17,https://www.boj.or.jp/en/mopo/mpmdeci/state_2022/k220617a.htm,Statement on Monetary Policy,1977,0,20,-1.0,"{""accommodative"": 2, ""asset purchases"": 2, ""downward"": 1, ""easing"": 1, ""monetary easing"": 2, ""negative interest rate"": 1, ""support"": 2}",1.0213cd75
BoJ,2022-07-21,https://www.boj.or.jp/en/mopo/mpmdeci/state_2022/k220721a.htm,Statement on Monetary Policy,1489,0,13,-1.0,"{""asset purchases"": 2, ""easing"": 1, ""monetary easing"": 2, ""negative interest rate"": 1, ""support"": 1}",1.0213cd75
BoJ,2022-09-22,https://www.boj.or.jp/en/mopo/mpmdeci/state_2022/k220922a.htm,Statement on Monetary Policy,2098,0,21,-1.0,"{""accommodative"": 2, ""asset purchases"": 3, ""downward"": 1, ""easing"": 1, ""monetary easing"": 1, ""negative interest rate"": 1, ""support"": 3}",1.0213cd75
BoJ,2022-10-28,https://www.boj.or.jp/en/mopo/mpmdeci/state_2022/k221028a.htm,Statement on Monetary Policy,1364,0,11,-1.0,"{""asset purchases"": 2, ""easing"": 1, ""monetary easing"": 1, ""negative interest rate"": 1, ""support"": 1}",1.0213cd75
BoJ,2022-12-20,https://www.boj.or.jp/en/mopo/mpmdeci/state_2022/k221220a.htm,Statement on Monetary Policy,2065,0,27,-1.0,"{""accommodative"": 2, ""asset purchases"": 3, ""deteriorated"": 1, ""downward"": 1, ""easing"": 1, ""monetary easing"": 3, ""negative interest rate"": 1, ""slowed"": 1, ""support"": 1}",1.0213cd75
BoJ,2023-01-18,https://www.boj.or.jp/en/mopo/mpmdeci/state_2023/k230118a.htm,Statement on Monetary Policy,1500,0,12,-1.0,"{""asset purchases"": 2, ""easing"": 1, ""monetary easing"": 1, ""negative interest rate"": 1, ""support"": 2}",1.0213cd75
BoJ,2023-03-10,https://www.boj.or.jp/en/mopo/mpmdeci/state_2023/k230310a.htm,Statement on Monetary Policy,1860,0,17,-1.0,"{""accommodative"": 1, ""asset purchases"": 2, ""downward"": 1, ""easing"": 1, ""monetary easing"": 1, ""negative interest rate"": 1, ""slowed"": 1, ""support"": 1}",1.0213cd75
BoJ,2023-04-28,https://www.boj.or.jp/en/mopo/mpmdeci/state_2023/k230428a.htm,Statement on Monetary Policy,1549,0,14,-1.0,"{""asset purchases"": 2, ""easing"": 1, ""monetary easing"": 3, ""negative interest rate"": 1}",1.0213cd75
BoJ,2023-06-16,https://www.boj.or.jp/en/mopo/mpmdeci/state_2023/k230616a.htm,Statement on Monetary Policy,1881,0,20,-1.0,"{""accommodative"": 1, ""asset purchases"": 2, ""downward"": 1, ""easing"": 1, ""monetary easing"": 2, ""negative interest rate"": 1, ""slowdown"": 1, ""slowed"": 1}",1.0213cd75
BoJ,2023-07-28,https://www.boj.or.jp/en/mopo/mpmdeci/state_2023/k230728a.htm,Statement on Monetary Policy,1967,2,28,-0.867,"{""asset purchases"": 3, ""downside risks"": 3, ""easing"": 1, ""monetary easing"": 6, ""negative interest rate"": 1, ""tightening"": 1}",1.0213cd75
BoJ,2023-09-22,https://www.boj.or.jp/en/mopo/mpmdeci/state_2023/k230922a.htm,Statement on Monetary Policy,1908,0,21,-1.0,"{""accommodative"": 1, ""asset purchases"": 2, ""downward"": 1, ""easing"": 1, ""moderate"": 1, ""monetary easing"": 2, ""negative interest rate"": 1, ""slowdown"": 1, ""slowed"": 1}",1.0213cd75
BoJ,2023-10-31,https://www.boj.or.jp/en/mopo/mpmdeci/state_2023/k231031a.htm,Statement on Monetary Policy,1911,1,19,-0.9,"{""asset purchases"": 3, ""easing"": 1, ""monetary easing"": 4, ""negative interest rate"": 1, ""strong"": 1, ""support"": 1}",1.0213cd75
BoJ,2023-12-19,https://www.boj.or.jp/en/mopo/mpmdeci/state_2023/k231219a.htm,Statement on Monetary Policy,1870,0,21,-1.0,"{""accommodative"": 1, ""asset purchases"": 2, ""downward"": 1, ""easing"": 1, ""moderate"": 1, ""monetary easing"": 2, ""negative interest rate"": 1, ""slowdown"": 1, ""slowed"": 1}",1.0213cd75
BoJ,2024-01-23,https://www.boj.or.jp/en/mopo/mpmdeci/state_2024/k240123a.htm,Statement on Monetary Policy,1487,0,12,-1.0,"{""asset purchases"": 2, ""easing"": 1, ""monetary easing"": 2, ""negative interest rate"": 1}",1.0213cd75
BoJ,2024-03-19,https://www.boj.or.jp/en/mopo/mpmdeci/state_2024/k240319a.htm,Statement on Monetary Policy,2424,6,24,-0.6,"{""accommodative"": 2, ""asset purchases"": 1, ""downward"": 1, ""firm"": 1, ""moderate"": 2, ""monetary easing"": 1, ""negative interest rate"": 3, ""raise"": 1, ""raising"": 1, ""resilient"": 1, ""slowdown"": 1, ""slowed"": 1, ""solid"": 2, ""support"": 2}",1.0213cd75
BoJ,2024-04-26,https://www.boj.or.jp/en/mopo/mpmdeci/state_2024/k240426a.htm,Statement on Monetary Policy,1045,0,0,,{},1.0213cd75
BoJ,2024-06-14,https://www.boj.or.jp/en/mopo/mpmdeci/state_2024/k240614a.htm,Statement on Monetary Policy,1612,1,5,-0.667,"{""accommodative"": 2, ""moderate"": 1, ""resilient"": 1}",1.0213cd75
BoJ,2024-07-31,https://www.boj.or.jp/en/mopo/mpmdeci/state_2024/k240731a.htm,Statement on Monetary Policy,2315,9,15,-0.25,"{""accommodation"": 2, ""accommodative"": 1, ""continue to raise"": 1, ""cut"": 2, ""firm"": 1, ""hikes"": 1, ""moderate"": 1, ""raise"": 1, ""resilient"": 1, ""support"": 4, ""upside risks"": 1}",1.0213cd75
BoJ,2024-09-20,https://www.boj.or.jp/en/mopo/mpmdeci/state_2024/k240920a.htm,Statement on Monetary Policy,1421,1,6,-0.714,"{""accommodative"": 2, ""moderate"": 2, ""raising"": 1}",1.0213cd75
BoJ,2024-10-31,https://www.boj.or.jp/en/mopo/mpmdeci/state_2024/k241031a.htm,Statement on Monetary Policy,1001,0,0,,{},1.0213cd75
BoJ,2024-12-19,https://www.boj.or.jp/en/mopo/mpmdeci/state_2024/k241219a.htm,Statement on Monetary Policy,1670,1,6,-0.714,"{""accommodative"": 2, ""moderate"": 2, ""raising"": 1}",1.0213cd75
BoJ,2025-01-24,https://www.boj.or.jp/en/mopo/mpmdeci/state_2025/k250124a.htm,Statement on Monetary Policy,1787,5,10,-0.333,"{""accommodation"": 2, ""accommodative"": 1, ""continue to raise"": 2, ""moderate"": 1, ""solid"": 1, ""support"": 3}",1.0213cd75
BoJ,2025-03-19,https://www.boj.or.jp/en/mopo/mpmdeci/state_2025/k250319a.htm,Statement on Monetary Policy,1473,1,6,-0.714,"{""accommodative"": 2, ""moderate"": 2, ""raising"": 1}",1.0213cd75
BoJ,2025-05-01,https://www.boj.or.jp/en/mopo/mpmdeci/state_2025/k250501a.htm,Statement on Monetary Policy,998,0,0,,{},1.0213cd75
BoJ,2025-06-17,https://www.boj.or.jp/en/mopo/mpmdeci/state_2025/k250617a.htm,Statement on Monetary Policy,2058,1,19,-0.9,"{""accommodative"": 2, ""cut"": 2, ""determined"": 1, ""moderate"": 4, ""slowdown"": 1, ""sluggish"": 1, ""support"": 2, ""uncertain"": 1}",1.0213cd75
BoJ,2025-07-31,https://www.boj.or.jp/en/mopo/mpmdeci/state_2025/k250731a.htm,Statement on Monetary Policy,998,0,0,,{},1.0213cd75
BoJ,2025-09-19,https://www.boj.or.jp/en/mopo/mpmdeci/state_2025/k250919a.htm,Statement on Monetary Policy,2503,2,15,-0.765,"{""accommodative"": 2, ""determined"": 1, ""downward"": 1, ""moderate"": 3, ""resilient"": 1, ""slowdown"": 1, ""sluggish"": 1, ""support"": 1, ""uncertain"": 1}",1.0213cd75
BoJ,2025-10-30,https://www.boj.or.jp/en/mopo/mpmdeci/state_2025/k251030a.htm,Statement on Monetary Policy,1123,0,0,,{},1.0213cd75
BoJ,2025-12-19,https://www.boj.or.jp/en/mopo/mpmdeci/state_2025/k251219a.htm,Statement on Monetary Policy,2209,6,20,-0.538,"{""accommodation"": 2, ""accommodative"": 3, ""continue to raise"": 2, ""downward"": 1, ""moderate"": 2, ""resilient"": 1, ""slowdown"": 1, ""solid"": 1, ""support"": 4}",1.0213cd75
BoJ,2026-01-23,https://www.boj.or.jp/en/mopo/mpmdeci/state_2026/k260123a.htm,Statement on Monetary Policy,1106,0,0,,{},1.0213cd75
BoJ,2026-03-19,https://www.boj.or.jp/en/mopo/mpmdeci/mpr_2026/k260319a.pdf,Statement on Monetary Policy,1060,4,9,-0.385,"{""accommodation"": 1, ""accommodative"": 2, ""continue to raise"": 1, ""downward"": 1, ""moderate"": 1, ""resilient"": 1, ""upward pressure"": 1}",1.0213cd75
BoJ,2026-04-28,https://www.boj.or.jp/en/mopo/mpmdeci/mpr_2026/k260428a.pdf,Statement on Monetary Policy,374,0,2,-1.0,"{""accommodative"": 1}",1.0213cd75
BoJ,2026-06-16,https://www.boj.or.jp/en/mopo/mpmdeci/mpr_2026/k260616a.pdf,Statement on Monetary Policy,1678,7,27,-0.588,"{""accommodation"": 2, ""accommodative"": 5, ""continue to raise"": 1, ""deterioration"": 1, ""downside risks"": 1, ""downward"": 1, ""moderate"": 1, ""resilient"": 1, ""slowdown"": 1, ""solid"": 1, ""strong"": 1, ""support"": 4, ""upside risks"": 1}",1.0213cd75
BoJ,2026-07-31,https://www.boj.or.jp/en/mopo/mpmdeci/mpr_2026/k260731a.pdf,Statement on Monetary Policy,310,2,0,1.0,"{""upside risks"": 1}",1.0213cd75
BoJ,2026-09-18,https://www.boj.or.jp/en/mopo/mpmdeci/mpr_2026/k260918a.pdf,Statement on Monetary Policy,1939,9,20,-0.379,"{""accommodation"": 2, ""accommodative"": 5, ""continue to raise"": 1, ""moderate"": 1, ""raise"": 1, ""raising"": 1, ""resilient"": 1, ""solid"": 1, ""strong"": 2, ""support"": 5, ""upward pressure"": 1}",1.0213cd75
