banco,fecha,orador,titulo,url,palabras,h,d,indice,n_terminos,menciones_tema,puntua,terminos,diccionario
Fed,2025-01-06,Lisa D. Cook,An Assessment of the Economy and Financial Stability,https://www.federalreserve.gov/newsevents/speech/cook20250106a.htm,3836,18,32,-0.28,36,24,1,"{""cooled"": 3, ""cuts"": 2, ""disinflation"": 2, ""downward"": 1, ""eased"": 1, ""easing"": 2, ""gradual"": 1, ""moderating"": 1, ""raise"": 1, ""rate cuts"": 1, ""reduce the target range"": 1, ""resilient"": 3, ""robust"": 1, ""slowdown"": 1, ""slowed"": 1, ""slowing"": 1, ""solid"": 5, ""strong"": 5, ""support"": 2, ""vigilant"": 1}",1.0213cd75
Fed,2025-01-08,Christopher J. Waller,Challenges Facing Central Bankers,https://www.federalreserve.gov/newsevents/speech/waller20250108a.htm,3470,14,45,-0.525,39,55,1,"{""above target"": 1, ""accommodation"": 1, ""cut"": 1, ""cuts"": 5, ""disinflation"": 2, ""ease"": 1, ""eases"": 1, ""easing"": 3, ""higher inflation"": 1, ""inflationary pressures"": 1, ""raise"": 3, ""rate increases"": 1, ""restrictive"": 1, ""robust"": 1, ""softened"": 1, ""solid"": 1, ""stimulus"": 1, ""support"": 6, ""uncertain"": 2, ""uncertainty"": 3, ""upward pressure"": 1, ""weakening"": 1}",1.0213cd75
Fed,2025-01-09,Michelle W. Bowman,"Reflections on 2024: Monetary Policy, Economic Performance, and Lessons for Banking Regulation",https://www.federalreserve.gov/newsevents/speech/bowman20250109a.htm,4201,29,28,0.018,38,33,1,"{""cooling"": 2, ""cut"": 2, ""cuts"": 1, ""deterioration"": 1, ""elevated inflation"": 1, ""gradual"": 1, ""inflation remains elevated"": 1, ""inflationary pressures"": 2, ""lower the target range"": 1, ""lowered the target range"": 1, ""premature"": 1, ""raise"": 1, ""raising"": 2, ""resilient"": 1, ""restrictive"": 1, ""slowing"": 2, ""solid"": 3, ""strong"": 2, ""strong labor market"": 1, ""support"": 5, ""tight labor market"": 1, ""tightening"": 1, ""upside risks"": 1, ""wait"": 1, ""weaker"": 1, ""well below"": 1}",1.0213cd75
BoJ,2025-01-14,Ryozo Himino,"""Japan's Economy and Monetary Policy"" (Speech at a Meeting with Local Leaders in Kanagawa)",https://www.boj.or.jp/en/about/press/koen_2025/ko250114a.htm,5631,22,20,0.048,27,50,1,"{""adjust the degree of monetary easing"": 1, ""deterioration"": 1, ""downside risks"": 1, ""firm"": 2, ""hikes"": 1, ""moderate"": 3, ""monetary easing"": 3, ""raise"": 1, ""raise the policy rate"": 1, ""raising"": 1, ""slowed"": 1, ""sluggish"": 1, ""strong"": 4, ""support"": 1, ""tightened"": 1, ""tightening"": 1, ""weaker"": 1, ""will raise"": 2}",1.0213cd75
BCE,2025-01-15,Luis de Guindos,The economic outlook and monetary policy in the euro area,https://www.ecb.europa.eu/press/key/date/html/index.en.html,1537,13,28,-0.366,32,35,1,"{""cut"": 1, ""determined"": 1, ""disinflation"": 1, ""easing"": 1, ""gradual"": 1, ""moderate"": 2, ""moderating"": 1, ""normalisation"": 1, ""resilient"": 2, ""robust"": 1, ""slowing"": 1, ""sluggish"": 1, ""solid"": 1, ""strong"": 1, ""sufficiently restrictive"": 1, ""support"": 1, ""tightening"": 1, ""uncertain"": 1, ""uncertainty"": 11, ""weakening"": 1}",1.0213cd75
BCE,2025-01-27,Christine Lagarde,Central bank independence in an era of volatility,https://www.ecb.europa.eu/press/key/date/html/index.en.html,1938,8,4,0.333,10,31,1,"{""deteriorated"": 1, ""higher inflation"": 1, ""persistent inflation"": 1, ""raise"": 1, ""strong"": 4, ""support"": 1, ""uncertainty"": 1}",1.0213cd75
BoJ,2025-01-30,Ryozo Himino,"""An Economy with Positive Interest Rates"" (Speech at Hitotsubashi University Policy Forum)",https://www.boj.or.jp/en/about/press/koen_2025/ko250221a.htm,3670,26,15,0.268,24,33,1,"{""accommodation"": 1, ""accommodative"": 2, ""hike"": 2, ""hikes"": 3, ""moderate"": 1, ""monetary easing"": 1, ""negative interest rate"": 1, ""raise"": 1, ""raise the policy rate"": 1, ""raising the policy rate"": 1, ""reduce the degree of monetary accommodation"": 1, ""restrictive"": 2, ""solid"": 1, ""stimulus"": 1, ""strong"": 2, ""support"": 1, ""tightening"": 1, ""uncertainty"": 1}",1.0213cd75
Fed,2025-01-31,Michelle W. Bowman,"Brief Remarks on the Economy, and Perspective on Mutual and Community Banks",https://www.federalreserve.gov/newsevents/speech/bowman20250131a.htm,5654,29,29,0.0,49,28,1,"{""cooling"": 1, ""determined"": 1, ""firm"": 2, ""gradual"": 2, ""inflation remains elevated"": 1, ""inflationary pressures"": 2, ""moderate"": 1, ""raise"": 6, ""raising"": 3, ""reinvestment"": 2, ""resilient"": 1, ""robust"": 1, ""slowed"": 1, ""slowing"": 2, ""soft"": 1, ""solid"": 2, ""strong"": 3, ""support"": 10, ""uncertain"": 1, ""uncertainty"": 3, ""upside risks"": 1, ""weaker"": 1, ""well below"": 1}",1.0213cd75
Fed,2025-02-04,Philip N. Jefferson,U.S. Economic Outlook and Monetary Policy,https://www.federalreserve.gov/newsevents/speech/jefferson20250204a.htm,2416,22,40,-0.29,42,39,1,"{""cooled"": 2, ""disinflation"": 1, ""downside risks"": 2, ""eased"": 3, ""easing"": 2, ""elevated inflation"": 1, ""gradual"": 1, ""moderate"": 1, ""raising the policy rate"": 1, ""recession"": 2, ""restrictive"": 2, ""robust"": 1, ""slowed"": 1, ""slowing"": 3, ""softening"": 1, ""solid"": 9, ""strong"": 3, ""support"": 2, ""uncertain"": 1, ""uncertainty"": 2, ""weakening"": 1}",1.0213cd75
Fed,2025-02-05,Michelle W. Bowman,Bank Regulation in 2025 and Beyond,https://www.federalreserve.gov/newsevents/speech/bowman20250205a.htm,3872,5,10,-0.333,15,0,0,"{""firm"": 2, ""raise"": 1, ""reinvestment"": 2, ""robust"": 1, ""soft"": 1, ""strong"": 1, ""support"": 5, ""supportive"": 1, ""uncertainty"": 1}",1.0213cd75
Fed,2025-02-05,Philip N. Jefferson,Do Non-inflationary Economic Expansions Promote Shared Prosperity? Evidence from the U.S. Labor Market,https://www.federalreserve.gov/newsevents/speech/jefferson20250205a.htm,3625,42,14,0.5,44,20,1,"{""cut"": 1, ""inflation has moderated"": 1, ""overheating"": 3, ""recession"": 3, ""slowed"": 1, ""solid"": 13, ""strong"": 13, ""strong labor market"": 6, ""tight labor market"": 2, ""well below"": 1}",1.0213cd75
BCE,2025-02-05,Philip R. Lane,A middle path for ECB monetary policy,https://www.ecb.europa.eu/press/key/date/html/index.en.html,2262,24,34,-0.172,35,57,1,"{""above target"": 1, ""disinflation"": 1, ""downside risk"": 1, ""downward"": 1, ""easing"": 1, ""lower interest rates"": 1, ""monetary easing"": 2, ""rate cuts"": 2, ""restrictive"": 2, ""robust"": 2, ""softening"": 1, ""subdued"": 2, ""support"": 2, ""tightened"": 1, ""tightening"": 3, ""uncertain"": 2, ""uncertainty"": 4, ""upside risk"": 1, ""upside risks"": 2, ""upward pressure"": 1, ""wage pressures"": 1, ""well below"": 1}",1.0213cd75
BoJ,2025-02-06,Naoki Tamura,"""Economic Activity, Prices, and Monetary Policy in Japan"" (Speech at a Meeting with Local Leaders in Nagano)",https://www.boj.or.jp/en/about/press/koen_2025/ko250206a.htm,4156,29,41,-0.171,41,57,1,"{""accommodation"": 1, ""deterioration"": 1, ""downward"": 2, ""ease"": 1, ""easing"": 2, ""further increases"": 1, ""gradual"": 1, ""hike"": 1, ""hikes"": 6, ""moderate"": 1, ""monetary easing"": 10, ""negative interest rate"": 1, ""raise"": 5, ""sluggish"": 1, ""solid"": 1, ""support"": 1, ""uncertain"": 1, ""upside risks"": 2, ""upward pressure"": 2}",1.0213cd75
Fed,2025-02-07,Adriana D. Kugler,  Entrepreneurship and Aggregate Productivity,https://www.federalreserve.gov/newsevents/speech/kugler20250207a.htm,3189,21,14,0.2,27,12,1,"{""cooled"": 1, ""downward"": 1, ""firm"": 6, ""inflation remains elevated"": 1, ""overheating"": 1, ""raise"": 1, ""recession"": 1, ""robust"": 1, ""solid"": 3, ""strong"": 2, ""strong labor market"": 1, ""subdued"": 1, ""support"": 2, ""tight labor market"": 1, ""uncertainty"": 1, ""upward pressure"": 1, ""weakening"": 1, ""well below"": 1}",1.0213cd75
BCE,2025-02-10,Christine Lagarde,European Parliament plenary debate on the ECB Annual Report,https://www.ecb.europa.eu/press/key/date/html/index.en.html,1557,2,14,-0.75,13,29,1,"{""determined"": 1, ""disinflation"": 1, ""lowered interest rates"": 1, ""moderating"": 1, ""rate cuts"": 1, ""solid"": 1, ""support"": 3, ""uncertain"": 1, ""uncertainty"": 3}",1.0213cd75
Fed,2025-02-12,Christopher J. Waller,Reflections on a Maturing Stablecoin Market,https://www.federalreserve.gov/newsevents/speech/waller20250212a.htm,2959,0,4,-1.0,3,1,0,"{""cut"": 1, ""support"": 2}",1.0213cd75
BCE,2025-02-12,Frank Elderson,From concept to delivery: accounting for climate and nature in maintaining price stability and keeping banks safe and sound,https://www.ecb.europa.eu/press/key/date/html/index.en.html,1584,3,2,0.2,5,12,1,"{""resilient"": 1, ""robust"": 2, ""support"": 2}",1.0213cd75
Fed,2025-02-17,Michelle W. Bowman,"Brief Remarks on the Economy and Accountability in Supervision, Applications, and Regulation",https://www.federalreserve.gov/newsevents/speech/bowman20250217a.htm,6500,31,30,0.016,43,30,1,"{""cooling"": 1, ""cut"": 2, ""determined"": 1, ""disinflation"": 2, ""downward"": 1, ""firm"": 3, ""gradual"": 1, ""inflationary pressures"": 3, ""lower the target range"": 1, ""moderate"": 1, ""patient"": 1, ""premature"": 1, ""raising"": 1, ""resilient"": 1, ""slowed"": 1, ""softened"": 1, ""solid"": 2, ""strong"": 8, ""support"": 5, ""tightening"": 1, ""uncertainty"": 1, ""upside risks"": 1, ""vigilant"": 1, ""weakening"": 1, ""weaker"": 1}",1.0213cd75
Fed,2025-02-17,Christopher J. Waller,Disinflation Progress Uneven but Still on Track Rates Cuts on Track as Well,https://www.federalreserve.gov/newsevents/speech/waller20250217a.htm,2656,28,40,-0.176,48,49,1,"{""contraction"": 1, ""cuts"": 1, ""disinflation"": 1, ""downward"": 3, ""easing"": 1, ""higher inflation"": 2, ""hikes"": 2, ""moderate"": 1, ""raise the policy rate"": 1, ""raised the policy rate"": 1, ""raising the policy rate"": 1, ""rate cuts"": 3, ""recession"": 2, ""resilient"": 2, ""restrictive"": 1, ""robust"": 1, ""solid"": 4, ""strong"": 2, ""strong labor market"": 1, ""support"": 2, ""tightening"": 1, ""too high"": 1, ""uncertainty"": 11, ""wait"": 2}",1.0213cd75
Fed,2025-02-18,Michael S. Barr,Artificial Intelligence:  Hypothetical Scenarios for the Future,https://www.federalreserve.gov/newsevents/speech/barr20250218a.htm,4851,6,11,-0.294,12,0,0,"{""downside risks"": 1, ""firm"": 1, ""patient"": 3, ""recession"": 1, ""resilient"": 1, ""robust"": 1, ""solid"": 3, ""uncertainty"": 1}",1.0213cd75
BCE,2025-02-18,Piero Cipollone,Striking the right balance: the ECB’s balance sheet and its implications for monetary policy,https://www.ecb.europa.eu/press/key/date/html/index.en.html,5312,71,100,-0.17,103,73,1,"{""accommodative"": 1, ""additional tightening"": 1, ""asset purchase programme"": 3, ""asset purchases"": 6, ""below target"": 1, ""cut"": 2, ""determined"": 1, ""disinflation"": 1, ""downward"": 6, ""eased"": 2, ""easing"": 7, ""gradual"": 5, ""hikes"": 2, ""inflationary pressures"": 1, ""moderate"": 1, ""normalisation"": 3, ""quantitative easing"": 5, ""quantitative tightening"": 11, ""raise"": 1, ""rate cut"": 1, ""rate cuts"": 4, ""reducing its holdings"": 1, ""restrictive"": 2, ""runoff"": 2, ""slowing"": 1, ""soft"": 1, ""strong"": 1, ""subdued"": 3, ""support"": 1, ""tighten"": 1, ""tightened"": 2, ""tightening"": 11, ""uncertain"": 1, ""uncertainty"": 6, ""upward pressure"": 3, ""weaker"": 1, ""well below"": 1}",1.0213cd75
Fed,2025-02-19,Philip N. Jefferson,How Healthy are U.S. Households’ Balance Sheets?,https://www.federalreserve.gov/newsevents/speech/jefferson20250219a.htm,4070,39,32,0.099,48,14,1,"{""cut"": 2, ""determined"": 2, ""downward"": 1, ""eased"": 4, ""eases"": 1, ""easing"": 1, ""gradual"": 1, ""hikes"": 1, ""lower interest rates"": 1, ""raise"": 1, ""recession"": 1, ""resilient"": 1, ""restrictive"": 1, ""solid"": 6, ""strong"": 8, ""subdued"": 2, ""support"": 6, ""tighten"": 2, ""tightened"": 3, ""tightening"": 3}",1.0213cd75
BoJ,2025-02-19,Hajime Takata,"""Economic Activity, Prices, and Monetary Policy in Japan"" (Speech at a Meeting with Local Leaders in Miyagi)",https://www.boj.or.jp/en/about/press/koen_2025/ko250219a.htm,6937,51,62,-0.097,66,57,1,"{""accommodation"": 3, ""accommodative"": 3, ""cut"": 1, ""downward"": 1, ""higher inflation"": 1, ""hike"": 1, ""hikes"": 13, ""lower interest rates"": 1, ""moderate"": 2, ""monetary easing"": 10, ""negative interest rate"": 1, ""overheating"": 1, ""patient"": 1, ""quantitative easing"": 1, ""raise"": 3, ""raising"": 2, ""rate cuts"": 3, ""robust"": 1, ""slowdown"": 3, ""soft"": 1, ""solid"": 7, ""strong"": 1, ""subdued"": 1, ""support"": 1, ""upside risk"": 1, ""upside risks"": 1, ""vigilant"": 1}",1.0213cd75
Fed,2025-02-20,Adriana D. Kugler,Navigating Inflation Waves: A Phillips Curve Perspective,https://www.federalreserve.gov/newsevents/speech/kugler20250220a.htm,5189,35,18,0.321,34,153,1,"{""cut"": 1, ""cuts"": 1, ""decline in inflation"": 3, ""downward"": 2, ""firm"": 1, ""overheating"": 2, ""persistent inflation"": 2, ""price pressures"": 3, ""restrictive"": 2, ""slowdown"": 1, ""sluggish"": 1, ""solid"": 5, ""strong"": 3, ""strong labor market"": 1, ""tight labor market"": 2, ""uncertain"": 1, ""upside risks"": 1, ""upward pressure"": 1, ""weakening"": 1}",1.0213cd75
Fed,2025-02-20,Michael S. Barr,Risks and Challenges for Bank Regulation and Supervision,https://www.federalreserve.gov/newsevents/speech/barr20250220a.htm,6024,20,11,0.29,25,1,0,"{""determined"": 1, ""ease"": 1, ""firm"": 1, ""patient"": 1, ""raise"": 1, ""resilient"": 4, ""strong"": 5, ""support"": 6, ""uncertain"": 1, ""vigilance"": 3, ""vigilant"": 1}",1.0213cd75
Fed,2025-02-21,Philip N. Jefferson,Reading between the Lines? Textual Analysis of Central Bank Communications,https://www.federalreserve.gov/newsevents/speech/jefferson20250221a.htm,4147,10,23,-0.394,24,42,1,"{""disinflation"": 1, ""downside risks"": 1, ""eased"": 1, ""easing"": 2, ""firm"": 1, ""solid"": 1, ""support"": 1, ""tighten"": 2, ""tightening"": 2, ""uncertainty"": 12}",1.0213cd75
Fed,2025-02-25,Michael S. Barr,Managing Financial Crises,https://www.federalreserve.gov/newsevents/speech/barr20250225a.htm,4408,17,9,0.308,22,5,1,"{""contraction"": 1, ""eased"": 1, ""firm"": 11, ""rate increases"": 1, ""resilient"": 2, ""support"": 4, ""tightening"": 1, ""uncertainty"": 1}",1.0213cd75
BCE,2025-02-25,Isabel Schnabel,No longer convenient? Safe asset abundance and r*,https://www.ecb.europa.eu/press/key/date/html/index.en.html,5327,31,30,0.016,39,42,1,"{""asset purchases"": 3, ""balance sheet reduction"": 1, ""decline in inflation"": 1, ""downward"": 2, ""easing"": 2, ""gradual"": 1, ""normalisation"": 2, ""price pressures"": 2, ""quantitative easing"": 3, ""quantitative tightening"": 4, ""raise"": 1, ""restrictive"": 3, ""robust"": 1, ""strong"": 1, ""subdued"": 1, ""tightening"": 1, ""uncertain"": 1, ""uncertainty"": 4, ""upside risks"": 1, ""upward pressure"": 2, ""well below"": 1, ""will raise"": 1}",1.0213cd75
Fed,2025-02-27,Michelle W. Bowman,Community Banking,https://www.federalreserve.gov/newsevents/speech/bowman20250227a.htm,3712,1,15,-0.875,16,2,0,"{""reinvestment"": 1, ""strong"": 1, ""support"": 9, ""uncertain"": 1, ""uncertainty"": 4}",1.0213cd75
Fed,2025-02-27,Michael S. Barr,Promoting Responsible Innovation through the Novel Activities Program,https://www.federalreserve.gov/newsevents/speech/barr20250227a.htm,1719,1,2,-0.333,3,0,0,"{""determined"": 1, ""support"": 2}",1.0213cd75
BoJ,2025-03-05,Shinichi Uchida,"""Japan's Economy and Monetary Policy"" (Speech at a Meeting with Local Leaders in Shizuoka)",https://www.boj.or.jp/en/about/press/koen_2025/ko250305a.htm,7170,40,123,-0.509,93,51,1,"{""accommodation"": 2, ""accommodative"": 4, ""continue to raise"": 1, ""determined"": 1, ""easing"": 5, ""firm"": 1, ""hike"": 4, ""hikes"": 7, ""lower interest rates"": 1, ""moderate"": 2, ""monetary easing"": 36, ""negative interest rate"": 1, ""quantitative easing"": 4, ""raise"": 1, ""raising"": 4, ""slowdown"": 2, ""soft"": 1, ""solid"": 1, ""stimulus"": 1, ""strong"": 4, ""support"": 7, ""tightening"": 2, ""wait"": 1}",1.0213cd75
BoJ,2025-03-05,Kazuo Ueda,"""Cross-border Capital Flows and the Role of the IMF and Central Banks in the Evolving International Monetary System"" (Remarks at the IMF Event ""Asia and the IMF: Resilience through Cooperation"" in Tokyo)",https://www.boj.or.jp/en/about/press/koen_2025/ko250305b.htm,2588,9,5,0.286,10,21,1,"{""raising"": 1, ""recession"": 1, ""resilient"": 1, ""restrictive"": 1, ""strong"": 1, ""support"": 1, ""tightening"": 2, ""uncertainty"": 2}",1.0213cd75
Fed,2025-03-07,Jerome H. Powell,Economic Outlook,https://www.federalreserve.gov/newsevents/speech/powell20250307a.htm,954,6,7,-0.077,12,19,1,"{""ease"": 1, ""moderating"": 1, ""resilient"": 1, ""solid"": 4, ""strong"": 1, ""uncertainty"": 3, ""wait"": 1}",1.0213cd75
Fed,2025-03-07,Adriana D. Kugler,The Rebalancing of Labor Markets across the World,https://www.federalreserve.gov/newsevents/speech/kugler20250307a.htm,4092,16,12,0.143,18,35,1,"{""disinflation"": 1, ""downward"": 2, ""eased"": 1, ""firm"": 2, ""inflationary pressures"": 1, ""resilient"": 1, ""restrictive"": 1, ""sluggish"": 1, ""strong"": 2, ""support"": 1, ""tightening"": 2, ""uncertainty"": 1, ""upside risks"": 1, ""upward pressure"": 1}",1.0213cd75
Fed,2025-03-07,Michelle W. Bowman,"Remarks on ""Monetary Policy Transmission to Real Activity"" and the Recent Experience",https://www.federalreserve.gov/newsevents/speech/bowman20250307a.htm,3179,33,34,-0.015,38,44,1,"{""downside risks"": 1, ""eased"": 1, ""easing"": 1, ""higher inflation"": 1, ""hike"": 1, ""hikes"": 1, ""inflationary pressures"": 1, ""lower inflation"": 1, ""raising"": 1, ""recession"": 5, ""resilient"": 1, ""slowdown"": 1, ""slowed"": 1, ""slowing"": 1, ""sluggish"": 1, ""stimulus"": 3, ""strong"": 4, ""support"": 1, ""tightened"": 3, ""tightening"": 7, ""weakened"": 1}",1.0213cd75
BCE,2025-03-12,Christine Lagarde,A robust strategy for a new era,https://www.ecb.europa.eu/press/key/date/html/index.en.html,3283,22,32,-0.185,37,89,1,"{""disinflation"": 4, ""disinflationary"": 2, ""downward"": 1, ""persistent inflation"": 1, ""premature"": 1, ""robust"": 3, ""sluggish"": 1, ""strong"": 3, ""subdued"": 1, ""tightening"": 5, ""uncertain"": 2, ""uncertainty"": 12, ""vigilance"": 1}",1.0213cd75
BCE,2025-03-19,Frank Elderson,"Resilience offers a competitive advantage, especially in uncertain times",https://www.ecb.europa.eu/press/key/date/html/index.en.html,3856,22,20,0.048,32,1,0,"{""cut"": 1, ""deterioration"": 1, ""downside risks"": 2, ""resilient"": 7, ""robust"": 4, ""solid"": 1, ""strong"": 4, ""subdued"": 1, ""support"": 3, ""uncertain"": 1, ""uncertainty"": 2, ""vigilance"": 3, ""weakening"": 2}",1.0213cd75
BCE,2025-03-20,Philip R. Lane,The digital euro: maintaining the autonomy of the monetary system,https://www.ecb.europa.eu/press/key/date/html/index.en.html,12072,14,8,0.273,20,20,1,"{""determined"": 1, ""ease"": 1, ""firm"": 3, ""raise"": 2, ""raising"": 1, ""resilient"": 1, ""robust"": 2, ""strong"": 4, ""support"": 3, ""uncertainty"": 1, ""weakening"": 1}",1.0213cd75
BCE,2025-03-20,Christine Lagarde,Hearing of the Committee on Economic and Monetary Affairs of the European Parliament,https://www.ecb.europa.eu/press/key/date/html/index.en.html,1720,16,24,-0.2,30,25,1,"{""cut"": 1, ""determined"": 1, ""disinflation"": 1, ""ease"": 1, ""gradual"": 1, ""hikes"": 1, ""inflationary pressures"": 1, ""moderated"": 1, ""moderating"": 1, ""raise"": 1, ""raising"": 1, ""resilient"": 2, ""restrictive"": 1, ""robust"": 2, ""slowed"": 1, ""subdued"": 1, ""uncertain"": 2, ""uncertainty"": 8, ""vigilant"": 1, ""weaker"": 1}",1.0213cd75
Fed,2025-03-21,Christopher J. Waller,Statement by Governor Christopher J. Waller,https://www.federalreserve.gov/newsevents/speech/waller20250321a.htm,313,4,4,0.0,5,2,0,"{""balance sheet reduction"": 1, ""normalization"": 1, ""runoff"": 1, ""slowed"": 1, ""slowing"": 1}",1.0213cd75
Fed,2025-03-24,Michael S. Barr,Helping Small Businesses Reach Their Potential,https://www.federalreserve.gov/newsevents/speech/barr20250324a.htm,2225,4,7,-0.273,11,0,0,"{""firm"": 2, ""robust"": 1, ""strong"": 1, ""support"": 5, ""supportive"": 1, ""uncertainty"": 1}",1.0213cd75
Fed,2025-03-25,Adriana D. Kugler,"Latinos, Entrepreneurs, and the U.S. Economy",https://www.federalreserve.gov/newsevents/speech/kugler20250325a.htm,1978,14,10,0.167,18,14,1,"{""cooled"": 1, ""further increases"": 1, ""higher inflation"": 1, ""restrictive"": 1, ""slowdown"": 1, ""slowed"": 1, ""slowing"": 1, ""solid"": 4, ""strong"": 3, ""support"": 1, ""uncertainty"": 2, ""wage pressures"": 1}",1.0213cd75
BCE,2025-03-27,Isabel Schnabel,Financial literacy and monetary policy transmission,https://www.ecb.europa.eu/press/key/date/html/index.en.html,4737,14,15,-0.034,17,124,1,"{""below target"": 1, ""disinflation"": 1, ""higher inflation"": 1, ""lower inflation"": 1, ""lower interest rates"": 1, ""raising"": 1, ""recession"": 1, ""restrictive"": 1, ""support"": 2, ""tighten"": 1, ""tightening"": 4, ""weakened"": 1, ""weaker"": 1}",1.0213cd75
BCE,2025-04-01,Christine Lagarde,The transformative power of AI,https://www.ecb.europa.eu/press/key/date/html/index.en.html,1788,3,2,0.2,3,0,0,"{""raising"": 1, ""slowed"": 1, ""too high"": 1}",1.0213cd75
BCE,2025-04-01,Piero Cipollone,Enhancing cross-border payments in Europe and beyond,https://www.ecb.europa.eu/press/key/date/html/index.en.html,3743,3,4,-0.143,6,1,0,"{""ease"": 1, ""raise"": 2, ""resilient"": 1, ""support"": 2}",1.0213cd75
Fed,2025-04-02,Adriana D. Kugler,Inflation Expectations and Monetary Policymaking,https://www.federalreserve.gov/newsevents/speech/kugler20250402a.htm,4349,29,26,0.055,42,185,1,"{""accommodative"": 1, ""decline in inflation"": 1, ""disinflation"": 1, ""firm"": 1, ""higher inflation"": 3, ""inflationary pressures"": 4, ""moderate"": 1, ""price pressures"": 2, ""raise"": 2, ""raising"": 2, ""resilient"": 1, ""sluggish"": 1, ""soft"": 1, ""strong"": 2, ""support"": 1, ""tighten"": 1, ""uncertainty"": 14, ""upside risks"": 2, ""weakening"": 1}",1.0213cd75
BCE,2025-04-02,Christine Lagarde,A “European moment” in an inverted world,https://www.ecb.europa.eu/press/key/date/html/index.en.html,1042,0,6,-1.0,5,0,0,"{""sluggish"": 1, ""uncertainty"": 4}",1.0213cd75
Fed,2025-04-03,Lisa D. Cook,The Economic Outlook and Path of Policy,https://www.federalreserve.gov/newsevents/speech/cook20250403a.htm,4751,33,91,-0.468,89,75,1,"{""accommodative"": 2, ""contraction"": 1, ""cut"": 1, ""cuts"": 3, ""decline in inflation"": 1, ""deterioration"": 1, ""disinflation"": 2, ""eased"": 5, ""easing"": 1, ""elevated inflation"": 1, ""inflation has moderated"": 1, ""moderate"": 2, ""moderated"": 2, ""normalization"": 1, ""patient"": 1, ""persistent inflation"": 1, ""raise"": 3, ""raising"": 1, ""rate cuts"": 1, ""resilient"": 2, ""restrictive"": 3, ""robust"": 1, ""slowdown"": 1, ""slowed"": 3, ""slowing"": 3, ""solid"": 6, ""strong"": 4, ""support"": 6, ""tightening"": 2, ""uncertainty"": 26, ""weaker"": 1}",1.0213cd75
Fed,2025-04-03,Philip N. Jefferson,U.S. Economic Outlook and Central Bank Communications,https://www.federalreserve.gov/newsevents/speech/jefferson20250403a.htm,2946,27,29,-0.036,42,48,1,"{""cooled"": 1, ""cooling"": 1, ""disinflation"": 1, ""eased"": 1, ""elevated inflation"": 1, ""expanded at a solid pace"": 1, ""higher inflation"": 1, ""inflation has eased"": 1, ""inflationary pressures"": 1, ""moderated"": 2, ""moderating"": 1, ""raising the policy rate"": 1, ""resilient"": 2, ""restrictive"": 2, ""slowdown"": 1, ""slowing"": 1, ""softening"": 1, ""solid"": 6, ""strong"": 3, ""support"": 2, ""tighter monetary policy"": 1, ""uncertain"": 2, ""uncertainty"": 6, ""vigilant"": 1, ""weakening"": 1}",1.0213cd75
BCE,2025-04-03,Luis de Guindos,Financial stability in uncertain times,https://www.ecb.europa.eu/press/key/date/html/index.en.html,1256,5,28,-0.697,29,13,1,"{""disinflation"": 1, ""downward"": 1, ""higher inflation"": 1, ""lower interest rates"": 1, ""moderating"": 1, ""raise"": 1, ""resilient"": 1, ""uncertain"": 1, ""uncertainty"": 20, ""vigilance"": 1}",1.0213cd75
Fed,2025-04-04,Jerome H. Powell,Economic Outlook,https://www.federalreserve.gov/newsevents/speech/powell20250404a.htm,923,7,14,-0.333,18,27,1,"{""downside risks"": 1, ""higher inflation"": 2, ""moderating"": 1, ""raise"": 1, ""slowed"": 1, ""slowing"": 1, ""soft"": 1, ""solid"": 4, ""uncertain"": 2, ""uncertainty"": 3, ""wait"": 1}",1.0213cd75
Fed,2025-04-04,Michael S. Barr,"AI, Fintechs, and Banks",https://www.federalreserve.gov/newsevents/speech/barr20250404a.htm,2271,1,2,-0.333,2,0,0,"{""patient"": 1, ""resilient"": 1}",1.0213cd75
Fed,2025-04-07,Adriana D. Kugler,Inflation Dynamics and the Phillips Curve,https://www.federalreserve.gov/newsevents/speech/kugler20250407a.htm,274,0,0,,0,17,0,{},1.0213cd75
BCE,2025-04-08,Piero Cipollone,Empowering Europe: boosting strategic autonomy through the digital euro,https://www.ecb.europa.eu/press/key/date/html/index.en.html,3433,5,2,0.429,7,2,0,"{""raise"": 1, ""resilient"": 1, ""robust"": 1, ""solid"": 1, ""strong"": 1, ""support"": 1, ""uncertain"": 1}",1.0213cd75
Fed,2025-04-14,Christopher J. Waller,A Tale of Two Outlooks,https://www.federalreserve.gov/newsevents/speech/waller20250414a.htm,3326,12,52,-0.625,44,58,1,"{""cuts"": 1, ""disinflation"": 1, ""downward"": 1, ""elevated inflation"": 1, ""higher inflation"": 1, ""lower inflation"": 1, ""moderate"": 2, ""moderated"": 1, ""more restrictive"": 1, ""patience"": 1, ""raise"": 1, ""raising"": 1, ""rate cuts"": 3, ""recession"": 3, ""resilient"": 1, ""slowdown"": 3, ""slowed"": 2, ""slowing"": 1, ""soft"": 2, ""solid"": 2, ""support"": 1, ""too high"": 1, ""uncertain"": 3, ""uncertainty"": 7, ""wait"": 1, ""weaker"": 1}",1.0213cd75
Fed,2025-04-15,Lisa D. Cook,2025 Distinguished Alumna Award Acceptance Remarks,https://www.federalreserve.gov/newsevents/speech/cook20250415a.htm,1455,0,2,-1.0,2,0,0,"{""support"": 1, ""uncertainty"": 1}",1.0213cd75
Fed,2025-04-16,Jerome H. Powell,Economic Outlook,https://www.federalreserve.gov/newsevents/speech/powell20250416a.htm,862,8,15,-0.304,18,18,1,"{""downside risks"": 1, ""eased"": 1, ""gradual"": 1, ""higher inflation"": 1, ""moderate"": 1, ""slowed"": 2, ""slowing"": 1, ""solid"": 3, ""strong"": 2, ""strong labor market"": 1, ""uncertain"": 1, ""uncertainty"": 2, ""wait"": 1}",1.0213cd75
Fed,2025-04-17,Michael S. Barr,Deepfakes and the AI Arms Race in Bank Cybersecurity,https://www.federalreserve.gov/newsevents/speech/barr20250417a.htm,2173,5,0,1.0,5,0,0,"{""firm"": 1, ""raising"": 1, ""resilient"": 1, ""strong"": 2}",1.0213cd75
BoJ,2025-04-17,Junko Nakagawa,"""Economic Activity, Prices, and Monetary Policy in Japan"" (Speech at a Meeting with Local Leaders in Gunma)",https://www.boj.or.jp/en/about/press/koen_2025/ko250417a.htm,3890,17,21,-0.105,26,28,1,"{""accommodation"": 2, ""accommodative"": 1, ""continue to raise"": 1, ""deterioration"": 2, ""downward"": 1, ""firm"": 1, ""gradual"": 1, ""hike"": 1, ""moderate"": 4, ""moderated"": 1, ""raise"": 2, ""raising"": 2, ""slowdown"": 1, ""sluggish"": 1, ""solid"": 2, ""tightening"": 1, ""upward pressure"": 1, ""vigilance"": 1}",1.0213cd75
Fed,2025-04-22,Adriana D. Kugler,Transmission of Monetary Policy,https://www.federalreserve.gov/newsevents/speech/kugler20250422a.htm,3749,29,38,-0.134,41,84,1,"{""deteriorated"": 1, ""determined"": 1, ""downside risks"": 2, ""downward"": 1, ""ease"": 3, ""eased"": 1, ""easing"": 4, ""inflationary pressures"": 1, ""lower inflation"": 1, ""lower interest rates"": 3, ""moderate"": 1, ""raising"": 1, ""resilient"": 1, ""restrictive"": 1, ""slowed"": 1, ""solid"": 2, ""strong"": 2, ""support"": 2, ""tighten"": 1, ""tightening"": 3, ""tighter monetary policy"": 1, ""uncertainty"": 2, ""upside risks"": 3, ""upward pressure"": 2}",1.0213cd75
Fed,2025-04-22,Philip N. Jefferson,Economic Mobility and the Dual Mandate,https://www.federalreserve.gov/newsevents/speech/jefferson20250422a.htm,2791,8,4,0.333,9,18,1,"{""recession"": 1, ""solid"": 3, ""strong"": 2, ""strong labor market"": 1, ""tight labor market"": 1, ""weaker"": 1}",1.0213cd75
Fed,2025-04-23,Christopher J. Waller,Welcoming Remarks,https://www.federalreserve.gov/newsevents/speech/waller20250423a.htm,594,0,2,-1.0,2,8,0,"{""soft"": 2}",1.0213cd75
BCE,2025-04-25,Christine Lagarde,IMFC Statement,https://www.ecb.europa.eu/press/key/date/html/index.en.html,1664,18,37,-0.345,42,31,1,"{""determined"": 2, ""disinflation"": 3, ""downside risks"": 2, ""downward"": 1, ""eased"": 2, ""eases"": 1, ""easing"": 1, ""lower inflation"": 1, ""moderate"": 3, ""raise"": 2, ""resilient"": 4, ""robust"": 1, ""strong"": 5, ""tightening"": 1, ""uncertain"": 4, ""uncertainty"": 7, ""vigilance"": 1, ""weaker"": 1}",1.0213cd75
BCE,2025-04-28,Luis de Guindos,Presentation of the ECB Annual Report 2024 to the Committee on Economic and Monetary Affairs of the European Parliament,https://www.ecb.europa.eu/press/key/date/html/index.en.html,1029,11,15,-0.154,21,11,1,"{""determined"": 1, ""disinflation"": 1, ""easing"": 1, ""raise"": 1, ""resilient"": 3, ""restrictive"": 1, ""robust"": 2, ""strong"": 2, ""support"": 1, ""uncertain"": 2, ""uncertainty"": 4, ""weaker"": 2}",1.0213cd75
BCE,2025-04-29,Piero Cipollone,Navigating a fractured horizon: risks and policy options in a fragmenting world,https://www.ecb.europa.eu/press/key/date/html/index.en.html,4724,14,17,-0.097,27,8,1,"{""disinflationary"": 1, ""firm"": 1, ""gradual"": 1, ""higher inflation"": 1, ""hikes"": 1, ""moderating"": 1, ""price pressures"": 1, ""raising"": 2, ""resilient"": 1, ""robust"": 2, ""strong"": 1, ""support"": 2, ""uncertain"": 1, ""uncertainty"": 9, ""upward pressure"": 1, ""weaker"": 1}",1.0213cd75
Fed,2025-05-03,Lisa D. Cook,Four Guides for the Journey Ahead,https://www.federalreserve.gov/newsevents/speech/cook20250503a.htm,1586,4,2,0.333,4,0,0,"{""hike"": 1, ""uncertain"": 1, ""vigilance"": 1, ""wait"": 1}",1.0213cd75
Fed,2025-05-09,Lisa D. Cook,Opening Remarks on Productivity Dynamics,https://www.federalreserve.gov/newsevents/speech/cook20250509a.htm,1449,10,13,-0.13,18,16,1,"{""eased"": 2, ""higher inflation"": 2, ""moderating"": 1, ""price pressures"": 1, ""raise"": 1, ""recession"": 1, ""restrictive"": 1, ""solid"": 1, ""strong"": 2, ""support"": 3, ""uncertainty"": 2, ""wait"": 1}",1.0213cd75
Fed,2025-05-09,Christopher J. Waller,"Thank You, John",https://www.federalreserve.gov/newsevents/speech/waller20250509a.htm,2025,7,2,0.556,8,43,1,"{""determined"": 4, ""higher inflation"": 2, ""raise"": 1, ""recession"": 1}",1.0213cd75
Fed,2025-05-09,Adriana D. Kugler,Assessing Maximum Employment,https://www.federalreserve.gov/newsevents/speech/kugler20250509a.htm,4104,11,35,-0.522,24,27,1,"{""additional increases"": 1, ""deterioration"": 1, ""downward"": 1, ""highly accommodative"": 1, ""price pressures"": 3, ""rate increases"": 1, ""recession"": 11, ""slowdown"": 1, ""uncertainty"": 1, ""upward pressures"": 1, ""weaker"": 1, ""well below"": 1}",1.0213cd75
Fed,2025-05-09,Michael S. Barr,Artificial Intelligence and the Labor Market: A Scenario-Based Approach,https://www.federalreserve.gov/newsevents/speech/barr20250509a.htm,4937,15,10,0.2,23,17,1,"{""disinflationary"": 1, ""downward"": 1, ""firm"": 3, ""gradual"": 3, ""higher inflation"": 1, ""raise"": 1, ""resilient"": 1, ""robust"": 1, ""solid"": 1, ""strong"": 3, ""support"": 3, ""uncertainty"": 3, ""upward pressure"": 1}",1.0213cd75
BCE,2025-05-10,Isabel Schnabel,Keeping a steady hand in an unsteady world,https://www.ecb.europa.eu/press/key/date/html/index.en.html,5425,24,69,-0.484,67,148,1,"{""accommodative"": 2, ""asset purchases"": 1, ""contraction"": 1, ""cuts"": 1, ""decline in inflation"": 1, ""deterioration"": 1, ""disinflation"": 3, ""disinflationary"": 5, ""downward"": 5, ""eased"": 1, ""firm"": 1, ""moderate"": 5, ""raise"": 5, ""raising"": 1, ""recession"": 2, ""resilient"": 4, ""robust"": 6, ""slowed"": 1, ""sluggish"": 1, ""strong"": 3, ""uncertain"": 5, ""uncertainty"": 6, ""upward pressure"": 4, ""weakening"": 2}",1.0213cd75
Fed,2025-05-12,Adriana D. Kugler,Economic Outlook,https://www.federalreserve.gov/newsevents/speech/kugler20250512a.htm,3073,19,46,-0.415,49,37,1,"{""cut"": 2, ""deterioration"": 1, ""disinflation"": 2, ""disinflationary"": 1, ""downward"": 1, ""easing"": 1, ""higher inflation"": 3, ""inflationary pressures"": 2, ""moderate"": 1, ""raise"": 1, ""raising"": 1, ""resilient"": 3, ""restrictive"": 1, ""slowed"": 2, ""strong"": 1, ""uncertainty"": 23, ""upside risks"": 1, ""weaker"": 1, ""will raise"": 1}",1.0213cd75
Fed,2025-05-14,Philip N. Jefferson,Economic Outlook,https://www.federalreserve.gov/newsevents/speech/jefferson20250514a.htm,1460,11,20,-0.29,22,32,1,"{""disinflation"": 3, ""eased"": 1, ""higher inflation"": 1, ""inflationary pressures"": 2, ""raise"": 1, ""restrictive"": 1, ""slowed"": 1, ""solid"": 1, ""strong"": 1, ""support"": 1, ""uncertain"": 3, ""uncertainty"": 4, ""upward pressure"": 1, ""weakening"": 1}",1.0213cd75
Fed,2025-05-14,Christopher J. Waller,The Role of Economic Research in Central Banking,https://www.federalreserve.gov/newsevents/speech/waller20250514a.htm,3076,6,12,-0.333,12,43,1,"{""overheating"": 1, ""quantitative easing"": 1, ""raising"": 1, ""recession"": 2, ""slowdown"": 1, ""slowing"": 1, ""soft"": 1, ""strong"": 3, ""support"": 1}",1.0213cd75
Fed,2025-05-15,Michael S. Barr,Opening Remarks,https://www.federalreserve.gov/newsevents/speech/barr20250515a.htm,1799,5,5,0.0,9,3,1,"{""downside risks"": 1, ""higher inflation"": 1, ""moderate"": 1, ""robust"": 1, ""solid"": 2, ""strong"": 1, ""support"": 1, ""uncertainty"": 1}",1.0213cd75
Fed,2025-05-15,Jerome H. Powell,Opening Remarks,https://www.federalreserve.gov/newsevents/speech/powell20250515a.htm,2829,8,24,-0.5,23,51,1,"{""cut"": 1, ""disinflation"": 2, ""downside risks"": 1, ""downward"": 1, ""hikes"": 1, ""moderate"": 3, ""raise the policy rate"": 1, ""raising"": 1, ""recession"": 2, ""robust"": 2, ""strong labor market"": 1, ""support"": 2, ""uncertainty"": 5}",1.0213cd75
BCE,2025-05-15,Luis de Guindos,Financial stability in the euro area,https://www.ecb.europa.eu/press/key/date/html/index.en.html,1785,8,20,-0.429,25,2,0,"{""deterioration"": 2, ""downside risks"": 1, ""firm"": 1, ""resilient"": 3, ""robust"": 1, ""solid"": 1, ""strong"": 2, ""uncertain"": 4, ""uncertainty"": 10}",1.0213cd75
BCE,2025-05-15,Piero Cipollone,Harnessing the digital future of payments: Europe's path to sovereignty and innovation,https://www.ecb.europa.eu/press/key/date/html/index.en.html,3522,4,3,0.143,7,0,0,"{""resilient"": 1, ""robust"": 1, ""strong"": 2, ""support"": 3}",1.0213cd75
BoJ,2025-05-16,Toyoaki Nakamura,"""Economic Activity, Prices, and Monetary Policy in Japan"" (Speech at the Nishinippon Seikei Konwakai Meeting in Fukuoka)",https://www.boj.or.jp/en/about/press/koen_2025/ko250516a.htm,8634,70,57,0.102,85,37,1,"{""accommodative"": 1, ""continue to raise"": 2, ""contraction"": 1, ""cut"": 1, ""deteriorated"": 1, ""deterioration"": 3, ""downside risks"": 1, ""downward"": 4, ""firm"": 2, ""hikes"": 19, ""moderate"": 4, ""monetary easing"": 1, ""raise"": 7, ""raising"": 14, ""slowdown"": 2, ""sluggish"": 6, ""strong"": 5, ""support"": 8, ""uncertain"": 1, ""wait"": 2}",1.0213cd75
BCE,2025-05-16,Philip R. Lane,The communication of monetary policy decisions: incorporating risks and uncertainty,https://www.ecb.europa.eu/press/key/date/html/index.en.html,2573,9,19,-0.357,22,58,1,"{""disinflation"": 1, ""downside risks"": 1, ""easing"": 2, ""inflation persistence"": 1, ""robust"": 4, ""strong"": 1, ""tightening"": 1, ""uncertain"": 1, ""uncertainty"": 10}",1.0213cd75
Fed,2025-05-19,Philip N. Jefferson,Liquidity Facilities: Purposes and Functions,https://www.federalreserve.gov/newsevents/speech/jefferson20250519a.htm,3327,2,2,0.0,3,7,0,"{""support"": 2, ""tighten"": 1}",1.0213cd75
Fed,2025-05-20,Adriana D. Kugler,Commencement Remarks,https://www.federalreserve.gov/newsevents/speech/kugler20250520a.htm,2065,1,3,-0.5,3,0,0,"{""patience"": 1, ""raise"": 1, ""support"": 1}",1.0213cd75
BoJ,2025-05-22,Asahi Noguchi,"""Economic Activity, Prices, and Monetary Policy in Japan"" (Speech at a Meeting with Local Leaders in Miyazaki)",https://www.boj.or.jp/en/about/press/koen_2025/ko250522a.htm,5401,41,39,0.025,49,91,1,"{""accommodation"": 2, ""contraction"": 2, ""cuts"": 2, ""deterioration"": 1, ""determined"": 1, ""downside risks"": 3, ""downward"": 2, ""easing"": 1, ""firm"": 3, ""higher inflation"": 1, ""hike"": 3, ""hikes"": 6, ""moderate"": 2, ""monetary easing"": 4, ""raise"": 7, ""raising"": 2, ""soft"": 1, ""strong"": 1, ""tight labor market"": 1, ""tighten"": 1, ""tightening"": 2, ""weakening"": 1}",1.0213cd75
BCE,2025-05-22,Frank Elderson,"Nature’s bell tolls for thee, economy!",https://www.ecb.europa.eu/press/key/date/html/index.en.html,3002,3,4,-0.143,6,2,0,"{""cooling"": 1, ""ease"": 1, ""raise"": 1, ""resilient"": 2, ""uncertainty"": 1}",1.0213cd75
Fed,2025-05-23,Lisa D. Cook,A View on Financial Stability,https://www.federalreserve.gov/newsevents/speech/cook20250523a.htm,3804,8,15,-0.304,19,4,1,"{""contraction"": 1, ""determined"": 1, ""higher inflation"": 1, ""moderate"": 4, ""moderated"": 1, ""recession"": 1, ""resilient"": 1, ""slowdown"": 1, ""slowed"": 1, ""solid"": 3, ""strong"": 1, ""uncertainty"": 2, ""upward pressure"": 1}",1.0213cd75
Fed,2025-05-25,Jerome H. Powell,Baccalaureate Remarks,https://www.federalreserve.gov/newsevents/speech/powell20250525a.htm,1705,1,1,0.0,2,0,0,"{""firm"": 1, ""support"": 1}",1.0213cd75
BCE,2025-05-26,Christine Lagarde,Earning influence: lessons from the history of international currencies,https://www.ecb.europa.eu/press/key/date/html/index.en.html,3194,8,3,0.455,11,2,0,"{""robust"": 4, ""solid"": 1, ""strong"": 3, ""support"": 2, ""uncertainty"": 1}",1.0213cd75
BoJ,2025-05-27,Kazuo Ueda,"Opening Remarks at the 2025 BOJ-IMES Conference Hosted by the Institute for Monetary and Economic Studies, Bank of Japan",https://www.boj.or.jp/en/about/press/koen_2025/ko250527a.htm,2455,9,17,-0.308,16,80,1,"{""above target"": 1, ""accommodative"": 2, ""adjust the degree of monetary easing"": 1, ""below the 2 percent"": 1, ""decline in inflation"": 1, ""determined"": 1, ""downside risks"": 1, ""gradual"": 1, ""moderated"": 1, ""monetary easing"": 2, ""subdued"": 1, ""tight labor market"": 1, ""tightening"": 1, ""uncertainty"": 1}",1.0213cd75
Fed,2025-05-29,Adriana D. Kugler,Opening Remarks,https://www.federalreserve.gov/newsevents/speech/kugler20250529a.htm,881,1,2,-0.333,3,4,0,"{""solid"": 1, ""uncertain"": 1, ""uncertainty"": 1}",1.0213cd75
Fed,2025-06-01,Christopher J. Waller,"The Effects of Tariffs on the Three I’s: Inflation, Inflation Persistence, and Inflation Expectations",https://www.federalreserve.gov/newsevents/speech/waller20250601a.htm,3802,32,35,-0.045,50,82,1,"{""cut"": 1, ""cuts"": 2, ""determined"": 1, ""downside risks"": 1, ""firm"": 5, ""gradual"": 1, ""highly accommodative"": 1, ""inflation persistence"": 4, ""moderated"": 1, ""raise"": 5, ""raising"": 1, ""rate cuts"": 1, ""resilient"": 1, ""slowdown"": 3, ""soft"": 1, ""solid"": 1, ""strong labor market"": 1, ""support"": 1, ""supportive"": 1, ""tight labor market"": 1, ""uncertain"": 2, ""uncertainty"": 11, ""upside risks"": 1, ""wage pressures"": 1, ""will raise"": 1}",1.0213cd75
Fed,2025-06-02,Jerome H. Powell,Opening Remarks,https://www.federalreserve.gov/newsevents/speech/powell20250602a.htm,1323,2,6,-0.5,8,4,1,"{""robust"": 2, ""uncertainty"": 6}",1.0213cd75
Fed,2025-06-03,Lisa D. Cook,Economic Outlook ,https://www.federalreserve.gov/newsevents/speech/cook20250603a.htm,1357,14,11,0.12,22,32,1,"{""above target"": 1, ""cooling"": 1, ""firm"": 1, ""higher inflation"": 1, ""inflationary pressures"": 1, ""raise"": 1, ""resilient"": 1, ""slowdown"": 1, ""solid"": 3, ""strong"": 1, ""strong labor market"": 1, ""support"": 1, ""uncertain"": 1, ""uncertainty"": 6, ""upside risk"": 1}",1.0213cd75
BoJ,2025-06-03,Kazuo Ueda,"""Economic Activity and Prices, and Monetary Policy in Japan"" (Speech at a Meeting Held by the Naigai Josei Chosa Kai (Research Institute of Japan))",https://www.boj.or.jp/en/about/press/koen_2025/ko250603a.htm,5023,20,66,-0.535,54,34,1,"{""accommodation"": 3, ""accommodative"": 2, ""continue to raise"": 1, ""contraction"": 1, ""cut"": 2, ""deteriorated"": 1, ""deterioration"": 1, ""downside risks"": 1, ""downward"": 8, ""firm"": 2, ""hikes"": 5, ""moderate"": 3, ""monetary easing"": 3, ""raise"": 1, ""raising"": 1, ""resilient"": 1, ""slowdown"": 2, ""sluggish"": 2, ""solid"": 1, ""strong"": 1, ""support"": 3, ""uncertainty"": 8, ""upward pressure"": 1}",1.0213cd75
Fed,2025-06-04,Lisa D. Cook,Welcoming Remarks ,https://www.federalreserve.gov/newsevents/speech/cook20250604a.htm,456,1,0,1.0,1,3,0,"{""determined"": 1}",1.0213cd75
BoJ,2025-06-04,Kazushige Kamiyama,"""Envisioning the Future of Payment Systems in the Digital Society"" (Opening Remarks at the Ninth Meeting of the Liaison and Coordination Committee on Central Bank Digital Currency)",https://www.boj.or.jp/en/about/press/koen_2025/ko250613a.htm,1974,1,1,0.0,2,12,0,"{""strong"": 1, ""support"": 1}",1.0213cd75
Fed,2025-06-05,Adriana D. Kugler,The Economic Outlook and Appropriate Monetary Policy,https://www.federalreserve.gov/newsevents/speech/kugler20250605a.htm,2840,20,29,-0.184,33,51,1,"{""continue to raise"": 1, ""cooling"": 1, ""cut"": 1, ""cuts"": 1, ""disinflation"": 1, ""disinflationary"": 1, ""downside risks"": 1, ""inflationary pressures"": 1, ""moderate"": 1, ""raise"": 3, ""resilient"": 3, ""restrictive"": 1, ""slowdown"": 1, ""slowed"": 2, ""slowing"": 1, ""soft"": 3, ""stimulus"": 1, ""support"": 1, ""tighter monetary policy"": 1, ""uncertain"": 1, ""uncertainty"": 2, ""upside risks"": 2, ""upward pressure"": 2}",1.0213cd75
Fed,2025-06-06,Michelle W. Bowman,Taking a Fresh Look at Supervision and Regulation,https://www.federalreserve.gov/newsevents/speech/bowman20250606a.htm,3958,13,4,0.529,17,1,0,"{""firm"": 7, ""gradual"": 2, ""resilient"": 2, ""strong"": 2, ""support"": 3, ""uncertainty"": 1}",1.0213cd75
BoJ,2025-06-07,Shinichi Uchida,"""The Bank of Japan from the Perspective of Business Operations"" (Speech at the Japan Society of Monetary Economics)",https://www.boj.or.jp/en/about/press/koen_2025/ko250607a.htm,9901,20,27,-0.149,31,47,1,"{""determined"": 3, ""easing"": 2, ""hikes"": 2, ""lower interest rates"": 1, ""monetary easing"": 6, ""negative interest rate"": 1, ""quantitative easing"": 3, ""quantitative tightening"": 1, ""raise"": 3, ""raise interest rates"": 1, ""raising"": 3, ""solid"": 1, ""strong"": 3, ""support"": 1}",1.0213cd75
BCE,2025-06-07,Christine Lagarde,Stemming the tide: safeguarding our ocean and economy,https://www.ecb.europa.eu/press/key/date/html/index.en.html,1367,1,6,-0.714,5,0,0,"{""resilient"": 1, ""slowing"": 1, ""support"": 2, ""weakened"": 1}",1.0213cd75
BCE,2025-06-09,Frank Elderson,The rule of law as a constitutional pillar of European central banking,https://www.ecb.europa.eu/press/key/date/html/index.en.html,4445,15,2,0.765,17,10,1,"{""raising"": 1, ""robust"": 3, ""strong"": 11, ""support"": 1, ""uncertainty"": 1}",1.0213cd75
BCE,2025-06-11,Philip R. Lane,The euro area bond market,https://www.ecb.europa.eu/press/key/date/html/index.en.html,4542,9,30,-0.538,23,27,1,"{""asset purchases"": 5, ""cut"": 4, ""determined"": 1, ""downward"": 1, ""eased"": 1, ""lower inflation"": 1, ""quantitative easing"": 2, ""reinvestment"": 1, ""resilient"": 1, ""robust"": 1, ""tightening"": 2, ""uncertainty"": 2, ""upside risk"": 1}",1.0213cd75
BCE,2025-06-11,Christine Lagarde,Drawing a common map: sustaining global cooperation in a fragmenting world,https://www.ecb.europa.eu/press/key/date/html/index.en.html,3233,5,9,-0.286,10,0,0,"{""cut"": 2, ""ease"": 1, ""firm"": 1, ""resilient"": 1, ""strong"": 3, ""support"": 1, ""weakening"": 1}",1.0213cd75
BCE,2025-06-12,Frank Elderson,What good supervision looks like,https://www.ecb.europa.eu/press/key/date/html/index.en.html,4196,9,3,0.5,10,0,0,"{""raise"": 1, ""raising"": 1, ""resilient"": 3, ""robust"": 1, ""strong"": 1, ""support"": 1, ""vigilance"": 1, ""weakening"": 1}",1.0213cd75
BCE,2025-06-12,Luis de Guindos,“More Europe” and financial integration,https://www.ecb.europa.eu/press/key/date/html/index.en.html,1688,4,15,-0.579,17,6,1,"{""downward"": 1, ""moderating"": 1, ""resilient"": 2, ""strong"": 2, ""support"": 2, ""supportive"": 1, ""uncertainty"": 7, ""weaker"": 1}",1.0213cd75
BCE,2025-06-18,Frank Elderson,Europe at a crossroads: it is high time to complete the Single Market,https://www.ecb.europa.eu/press/key/date/html/index.en.html,3372,4,6,-0.2,8,10,1,"{""cut"": 1, ""easing"": 1, ""firm"": 1, ""robust"": 1, ""strong"": 2, ""support"": 1, ""uncertain"": 1}",1.0213cd75
BCE,2025-06-19,Christine Lagarde,Strengthening economies in a stormy and fragmenting world,https://www.ecb.europa.eu/press/key/date/html/index.en.html,3110,12,9,0.143,17,2,0,"{""overheating"": 1, ""raise"": 1, ""robust"": 3, ""slowdown"": 1, ""slowing"": 1, ""strong"": 6, ""support"": 3, ""weaker"": 1}",1.0213cd75
Fed,2025-06-23,Adriana D. Kugler,Welcoming Remarks,https://www.federalreserve.gov/newsevents/speech/kugler20250623a.htm,591,0,0,,0,1,0,{},1.0213cd75
Fed,2025-06-23,Michelle W. Bowman,Unintended Policy Shifts and Unexpected Consequences,https://www.federalreserve.gov/newsevents/speech/bowman20250623a.htm,4835,19,35,-0.296,37,35,1,"{""downside risks"": 2, ""downward"": 2, ""moderate"": 1, ""raise"": 2, ""resilient"": 1, ""restrictive"": 3, ""robust"": 2, ""slowed"": 2, ""slowing"": 3, ""softened"": 1, ""solid"": 3, ""strong"": 1, ""support"": 4, ""uncertainty"": 4, ""upside risks"": 1, ""upward pressure"": 1, ""upward pressures"": 1, ""weakening"": 1, ""weaker"": 2}",1.0213cd75
Fed,2025-06-23,Christopher J. Waller,Welcoming Remarks,https://www.federalreserve.gov/newsevents/speech/waller20250623a.htm,850,3,2,0.2,5,6,1,"{""strong"": 3, ""support"": 2}",1.0213cd75
BCE,2025-06-23,Christine Lagarde,Hearing of the Committee on Economic and Monetary Affairs of the European Parliament,https://www.ecb.europa.eu/press/key/date/html/index.en.html,1753,9,22,-0.419,24,18,1,"{""downside risks"": 2, ""downward"": 1, ""lower the key interest rates"": 1, ""moderate"": 1, ""rate cuts"": 1, ""resilient"": 3, ""robust"": 2, ""strong"": 2, ""support"": 2, ""uncertain"": 2, ""uncertainty"": 5, ""upside risks"": 1, ""weaker"": 1}",1.0213cd75
Fed,2025-06-24,Michael S. Barr,Opening Remarks,https://www.federalreserve.gov/newsevents/speech/barr20250624a.htm,788,3,5,-0.25,6,14,1,"{""disinflation"": 1, ""gradual"": 1, ""inflation persistence"": 1, ""lower inflation"": 1, ""uncertainty"": 1, ""wait"": 1}",1.0213cd75
BCE,2025-06-24,Philip R. Lane,Monetary policy: new challenges,https://www.ecb.europa.eu/press/key/date/html/index.en.html,974,10,28,-0.474,25,35,1,"{""asset purchase programme"": 1, ""cut"": 4, ""determined"": 1, ""disinflation"": 4, ""easing"": 1, ""gradual"": 1, ""restrictive"": 1, ""robust"": 1, ""runoff"": 1, ""tightening"": 2, ""uncertain"": 1, ""uncertainty"": 7}",1.0213cd75
BoJ,2025-06-25,Naoki Tamura,"""Economic Activity, Prices, and Monetary Policy in Japan"" (Speech at a Meeting with Local Leaders in Fukushima)",https://www.boj.or.jp/en/about/press/koen_2025/ko250625a.htm,4548,31,43,-0.162,48,44,1,"{""accommodation"": 1, ""cut"": 1, ""deterioration"": 1, ""determined"": 1, ""downward"": 10, ""firm"": 2, ""hike"": 1, ""hikes"": 2, ""moderate"": 2, ""monetary easing"": 1, ""normalization"": 1, ""raise"": 3, ""raising"": 6, ""robust"": 1, ""slowdown"": 2, ""sluggish"": 3, ""solid"": 1, ""strong"": 1, ""support"": 2, ""uncertain"": 1, ""upside risks"": 2, ""upward pressure"": 2, ""will raise"": 1}",1.0213cd75
Fed,2025-06-26,Michael S. Barr,Community Development at the Federal Reserve,https://www.federalreserve.gov/newsevents/speech/barr20250626a.htm,1968,10,15,-0.2,23,12,1,"{""disinflation"": 1, ""gradual"": 1, ""inflation persistence"": 1, ""moderate"": 3, ""reinvestment"": 2, ""strong"": 6, ""support"": 6, ""uncertainty"": 1, ""upward pressure"": 1, ""wait"": 1}",1.0213cd75
BCE,2025-06-26,Christine Lagarde,Culture and the economy,https://www.ecb.europa.eu/press/key/date/html/index.en.html,3045,4,4,0.0,7,0,0,"{""cuts"": 1, ""firm"": 1, ""resilient"": 1, ""strong"": 2, ""support"": 2}",1.0213cd75
BCE,2025-06-27,Piero Cipollone,The quest for cheaper and faster cross-border payments: regional and global solutions,https://www.ecb.europa.eu/press/key/date/html/index.en.html,3021,1,4,-0.6,4,1,0,"{""deterioration"": 1, ""resilient"": 1, ""support"": 2}",1.0213cd75
BCE,2025-06-30,Christine Lagarde,Strategy assessment: lessons learned,https://www.ecb.europa.eu/press/key/date/html/index.en.html,2060,23,31,-0.148,37,49,1,"{""above target"": 1, ""cuts"": 1, ""disinflation"": 5, ""disinflationary"": 2, ""downward"": 1, ""further tightening"": 1, ""hikes"": 1, ""raise"": 3, ""rate increases"": 2, ""restrictive"": 1, ""robust"": 3, ""support"": 1, ""tightening"": 3, ""uncertain"": 4, ""uncertainty"": 8}",1.0213cd75
BCE,2025-06-30,Christine Lagarde,Opening remarks on the ECB strategy assessment press conference (with Q&A),https://www.ecb.europa.eu/press/key/date/html/index.en.html,8337,19,20,-0.026,33,67,1,"{""above target"": 1, ""asset purchases"": 2, ""cut"": 1, ""disinflationary"": 1, ""higher inflation"": 1, ""quantitative easing"": 1, ""raising"": 2, ""resilient"": 3, ""robust"": 6, ""solid"": 4, ""support"": 3, ""too high"": 1, ""uncertain"": 3, ""uncertainty"": 4}",1.0213cd75
BoJ,2025-07-03,Hajime Takata,"""Economic Activity, Prices, and Monetary Policy in Japan"" (Speech at a Meeting with Local Leaders in Mie)",https://www.boj.or.jp/en/about/press/koen_2025/ko250703a.htm,7940,29,94,-0.528,71,35,1,"{""accommodation"": 2, ""accommodative"": 4, ""contraction"": 1, ""cut"": 2, ""cuts"": 2, ""deterioration"": 4, ""downside risk"": 1, ""downward"": 9, ""hike"": 2, ""hikes"": 7, ""lower interest rates"": 1, ""moderate"": 1, ""monetary easing"": 2, ""patient"": 1, ""raise"": 1, ""raising"": 2, ""rate cuts"": 3, ""recession"": 2, ""resilient"": 2, ""robust"": 1, ""slowdown"": 6, ""sluggish"": 1, ""solid"": 1, ""strong"": 1, ""support"": 5, ""tightening"": 1, ""uncertainty"": 3, ""upward pressure"": 1, ""wait"": 1, ""weakening"": 1}",1.0213cd75
BCE,2025-07-04,Frank Elderson,Deepening our commitment to confronting the climate and nature crises,https://www.ecb.europa.eu/press/key/date/html/index.en.html,3312,7,7,0.0,12,25,1,"{""deterioration"": 1, ""inflationary pressures"": 1, ""raise"": 1, ""resilient"": 2, ""robust"": 2, ""support"": 4, ""uncertainty"": 1}",1.0213cd75
BCE,2025-07-09,Philip R. Lane,The monetary agenda at the ECB,https://www.ecb.europa.eu/press/key/date/html/index.en.html,2863,3,23,-0.769,22,52,1,"{""asset purchases"": 1, ""cut"": 2, ""disinflationary"": 1, ""resilient"": 3, ""support"": 2, ""uncertain"": 1, ""uncertainty"": 12}",1.0213cd75
Fed,2025-07-10,Christopher J. Waller,Demystifying the Federal Reserve's Balance Sheet,https://www.federalreserve.gov/newsevents/speech/waller20250710a.htm,4643,5,15,-0.5,16,6,1,"{""determined"": 1, ""normalization"": 1, ""quantitative easing"": 3, ""strong"": 1, ""support"": 9, ""upward pressure"": 1}",1.0213cd75
BCE,2025-07-10,Piero Cipollone,Shifting payment landscape: what a digital euro will bring,https://www.ecb.europa.eu/press/key/date/html/index.en.html,3048,3,1,0.5,4,0,0,"{""resilient"": 1, ""robust"": 2, ""support"": 1}",1.0213cd75
BCE,2025-07-14,Piero Cipollone,The digital euro: legal tender in the digital age,https://www.ecb.europa.eu/press/key/date/html/index.en.html,1358,0,0,,0,1,0,{},1.0213cd75
Fed,2025-07-15,Michael S. Barr,Expanding Financial Inclusion,https://www.federalreserve.gov/newsevents/speech/barr20250715a.htm,2396,2,8,-0.6,10,0,0,"{""moderate"": 3, ""reinvestment"": 2, ""strong"": 2, ""support"": 3}",1.0213cd75
Fed,2025-07-15,Michelle W. Bowman,Welcoming Remarks,https://www.federalreserve.gov/newsevents/speech/bowman20250715a.htm,857,1,3,-0.5,4,0,0,"{""strong"": 1, ""support"": 3}",1.0213cd75
Fed,2025-07-16,Michael S. Barr,Booms and Busts and the Regulatory Cycle,https://www.federalreserve.gov/newsevents/speech/barr20250716a.htm,3976,6,63,-0.826,37,1,0,"{""contraction"": 3, ""cut"": 1, ""downside risk"": 1, ""downside risks"": 1, ""eased"": 1, ""easing"": 1, ""recession"": 1, ""robust"": 1, ""strong"": 3, ""support"": 1, ""vigilant"": 1, ""weakened"": 4, ""weakening"": 16, ""weaker"": 2}",1.0213cd75
Fed,2025-07-17,Christopher J. Waller,The Case for Cutting Now,https://www.federalreserve.gov/newsevents/speech/waller20250717a.htm,3179,14,58,-0.611,42,48,1,"{""contraction"": 1, ""cut"": 3, ""cut the policy rate"": 2, ""cuts"": 2, ""downside risks"": 1, ""firm"": 1, ""inflation persistence"": 1, ""restrictive"": 2, ""slowdown"": 5, ""slowed"": 1, ""slowing"": 7, ""soft"": 5, ""softening"": 1, ""solid"": 1, ""support"": 3, ""tightening"": 1, ""uncertainty"": 1, ""upside risks"": 1, ""wait"": 1, ""well below"": 1, ""will raise"": 1}",1.0213cd75
Fed,2025-07-17,Lisa D. Cook,AI: A Fed Policymaker's View,https://www.federalreserve.gov/newsevents/speech/cook20250717a.htm,3216,6,3,0.333,6,11,1,"{""disinflationary"": 1, ""inflationary pressures"": 2, ""strong"": 1, ""uncertainty"": 1, ""upward pressure"": 1}",1.0213cd75
Fed,2025-07-17,Adriana D. Kugler,A View of the Housing Market and U.S. Economic Outlook,https://www.federalreserve.gov/newsevents/speech/kugler20250717a.htm,3443,19,22,-0.073,29,27,1,"{""cooling"": 1, ""ease"": 1, ""eased"": 1, ""hike"": 1, ""hikes"": 1, ""lower inflation"": 1, ""moderating"": 1, ""raise"": 2, ""resilient"": 3, ""restrictive"": 1, ""robust"": 1, ""slowdown"": 3, ""slowed"": 1, ""slowing"": 1, ""softening"": 1, ""strong labor market"": 1, ""subdued"": 1, ""support"": 1, ""upward pressure"": 6}",1.0213cd75
Fed,2025-07-22,Jerome H. Powell,Opening Remarks,https://www.federalreserve.gov/newsevents/speech/powell20250722a.htm,477,0,1,-1.0,1,0,0,"{""support"": 1}",1.0213cd75
BoJ,2025-07-23,Shinichi Uchida,"""Japan's Economy and Monetary Policy"" (Speech at a Meeting with Local Leaders in Kochi)",https://www.boj.or.jp/en/about/press/koen_2025/ko250723a.htm,5758,36,78,-0.368,74,39,1,"{""accommodation"": 1, ""accommodative"": 2, ""continue to raise"": 1, ""deteriorated"": 5, ""deterioration"": 2, ""determined"": 3, ""downside risks"": 2, ""downward"": 4, ""ease"": 1, ""easing"": 2, ""elevated inflation"": 1, ""firm"": 3, ""hikes"": 6, ""moderate"": 10, ""monetary easing"": 4, ""normalization"": 1, ""raise"": 2, ""raising"": 4, ""robust"": 1, ""slowdown"": 3, ""sluggish"": 3, ""soft"": 1, ""strong"": 2, ""support"": 3, ""uncertain"": 1, ""uncertainty"": 1, ""upward pressure"": 3, ""weakened"": 2}",1.0213cd75
Fed,2025-08-01,Michelle W. Bowman,Statement by Vice Chair for Supervision Michelle W. Bowman,https://www.federalreserve.gov/newsevents/speech/bowman20250801a.htm,838,11,18,-0.241,17,9,1,"{""deterioration"": 1, ""elevated inflation"": 1, ""gradual"": 1, ""lower the target range"": 1, ""raise"": 1, ""resilient"": 2, ""restrictive"": 1, ""slowed"": 1, ""slowing"": 4, ""softening"": 1, ""strong"": 1, ""upside risks"": 1, ""weakening"": 1}",1.0213cd75
Fed,2025-08-01,Christopher J. Waller,Statement by Governor Christopher J. Waller,https://www.federalreserve.gov/newsevents/speech/waller20250801a.htm,589,5,14,-0.474,13,9,1,"{""cut"": 2, ""cut the policy rate"": 1, ""downside risks"": 1, ""moderate"": 1, ""restrictive"": 1, ""robust"": 1, ""soft"": 1, ""support"": 1, ""upside risks"": 1, ""wait"": 3}",1.0213cd75
Fed,2025-08-09,Michelle W. Bowman,Thoughts on the Economy and Community Bank Capital,https://www.federalreserve.gov/newsevents/speech/bowman20250809a.htm,3766,19,39,-0.345,34,24,1,"{""cuts"": 1, ""deterioration"": 1, ""determined"": 1, ""downward"": 2, ""elevated inflation"": 1, ""gradual"": 1, ""inflation remains elevated"": 1, ""moderate"": 1, ""raise"": 1, ""resilient"": 1, ""restrictive"": 4, ""slowdown"": 1, ""slowed"": 2, ""slowing"": 4, ""softened"": 1, ""softening"": 2, ""strong"": 1, ""support"": 4, ""upside risks"": 1, ""weakening"": 2, ""well below"": 1}",1.0213cd75
Fed,2025-08-19,Michelle W. Bowman,Embracing Innovation,https://www.federalreserve.gov/newsevents/speech/bowman20250819a.htm,3252,3,2,0.2,4,0,0,"{""determined"": 1, ""restrictive"": 1, ""support"": 1, ""uncertainty"": 1}",1.0213cd75
Fed,2025-08-20,Christopher J. Waller,Technological Advancements in Payments,https://www.federalreserve.gov/newsevents/speech/waller20250820a.htm,2027,1,5,-0.667,6,1,0,"{""strong"": 1, ""support"": 5}",1.0213cd75
BCE,2025-08-20,Christine Lagarde,Panel remarks at the International Business Council of the World Economic Forum,https://www.ecb.europa.eu/press/key/date/html/index.en.html,636,7,11,-0.222,15,0,0,"{""hikes"": 1, ""resilient"": 1, ""robust"": 1, ""slowdown"": 1, ""strong"": 3, ""uncertainty"": 7, ""well below"": 1}",1.0213cd75
Fed,2025-08-22,Jerome H. Powell,Monetary Policy and the Fed’s Framework Review,https://www.federalreserve.gov/newsevents/speech/powell20250822a.htm,4075,24,50,-0.351,46,91,1,"{""accommodation"": 1, ""cooled"": 1, ""downside risks"": 2, ""downward"": 3, ""inflation above target"": 1, ""inflationary pressures"": 1, ""moderate"": 2, ""raise"": 1, ""raising"": 3, ""recession"": 1, ""restrictive"": 3, ""robust"": 1, ""slowdown"": 4, ""slowed"": 3, ""slowing"": 2, ""sluggish"": 1, ""softened"": 2, ""stimulus"": 1, ""strong labor market"": 2, ""support"": 3, ""tighten"": 1, ""tightening"": 1, ""uncertain"": 2, ""uncertainty"": 2, ""upside risks"": 1, ""upward pressure"": 1}",1.0213cd75
BoJ,2025-08-23,Kazuo Ueda,"""Japan's Labor Market under Demographic Decline: Evolving Dynamics and Macroeconomic Implications"" (Remarks at the Panel on ""The Policy Implications of Labor Market Transition"" at the Jackson Hole Economic Policy Symposium)",https://www.boj.or.jp/en/about/press/koen_2025/ko250824a.htm,2414,12,5,0.412,12,24,1,"{""further increases"": 2, ""gradual"": 1, ""moderate"": 1, ""monetary easing"": 2, ""raise"": 2, ""raising"": 1, ""tighten"": 1, ""upward pressure"": 2}",1.0213cd75
BCE,2025-08-23,Christine Lagarde,Beyond hysteresis: resilience in Europe’s labour market,https://www.ecb.europa.eu/press/key/date/html/index.en.html,2804,8,21,-0.448,16,22,1,"{""cut"": 1, ""disinflation"": 3, ""eased"": 1, ""easing"": 3, ""raise"": 1, ""strong"": 1, ""support"": 1, ""tightening"": 3, ""weaker"": 2}",1.0213cd75
Fed,2025-08-28,Christopher J. Waller,Let’s Get On with It,https://www.federalreserve.gov/newsevents/speech/waller20250828a.htm,3224,9,64,-0.753,45,30,1,"{""accommodative"": 1, ""cut"": 4, ""cut the policy rate"": 1, ""cuts"": 2, ""deterioration"": 2, ""downside risks"": 1, ""ease"": 1, ""easing"": 1, ""firm"": 1, ""raise"": 2, ""rate cuts"": 1, ""restrictive"": 1, ""slowed"": 1, ""slowing"": 1, ""sluggish"": 1, ""soft"": 2, ""softening"": 1, ""solid"": 1, ""strong labor market"": 1, ""support"": 3, ""uncertainty"": 5, ""upside risks"": 1, ""wait"": 2, ""weakening"": 6, ""weaker"": 2}",1.0213cd75
BoJ,2025-08-28,Junko Nakagawa,"""Economic Activity, Prices, and Monetary Policy in Japan"" (Speech at a Meeting with Local Leaders in Yamaguchi)",https://www.boj.or.jp/en/about/press/koen_2025/ko250828a.htm,4664,22,38,-0.267,42,29,1,"{""accommodation"": 1, ""continue to raise"": 1, ""cut"": 1, ""deterioration"": 4, ""downward"": 3, ""hikes"": 2, ""inflationary pressures"": 1, ""moderate"": 6, ""raising"": 2, ""resilient"": 4, ""robust"": 2, ""slowdown"": 3, ""slowed"": 1, ""solid"": 3, ""strong"": 1, ""subdued"": 1, ""support"": 4, ""upward pressure"": 2}",1.0213cd75
BCE,2025-09-01,Christine Lagarde,Building European autonomy: cooperation and the rule of law,https://www.ecb.europa.eu/press/key/date/html/index.en.html,1429,1,2,-0.333,2,2,0,"{""cut"": 1, ""determined"": 1}",1.0213cd75
BoJ,2025-09-02,Ryozo Himino,"""Japan's Economy and Monetary Policy"" (Speech at a Meeting with Local Leaders in Eastern Hokkaido)",https://www.boj.or.jp/en/about/press/koen_2025/ko250902a.htm,6076,25,63,-0.432,58,61,1,"{""accommodation"": 1, ""accommodative"": 1, ""balance sheet reduction"": 1, ""cuts"": 1, ""disinflationary"": 1, ""downside risks"": 3, ""downward"": 10, ""easing"": 1, ""firm"": 1, ""gradual"": 1, ""hike"": 2, ""hikes"": 3, ""moderate"": 4, ""monetary easing"": 2, ""raise"": 3, ""resilient"": 1, ""robust"": 1, ""slowdown"": 3, ""strong"": 2, ""support"": 3, ""tightening"": 1, ""uncertain"": 1, ""uncertainty"": 9, ""upside risks"": 1, ""upward pressure"": 1}",1.0213cd75
BCE,2025-09-03,Christine Lagarde,Cutting through the noise: exercising good judgment in a world of change,https://www.ecb.europa.eu/press/key/date/html/index.en.html,1461,1,8,-0.778,6,1,0,"{""cut"": 3, ""robust"": 1, ""wait"": 2}",1.0213cd75
BCE,2025-09-04,Piero Cipollone,The digital euro: ensuring resilience and inclusion in digital payments,https://www.ecb.europa.eu/press/key/date/html/index.en.html,2455,3,8,-0.455,11,0,0,"{""resilient"": 3, ""support"": 8}",1.0213cd75
BCE,2025-09-15,Christine Lagarde,Stability through balance: rethinking power in a connected world,https://www.ecb.europa.eu/press/key/date/html/index.en.html,2467,1,14,-0.867,11,1,0,"{""cut"": 2, ""soft"": 3, ""strong"": 1, ""support"": 2, ""uncertain"": 1, ""weakening"": 1, ""weaker"": 1}",1.0213cd75
BCE,2025-09-17,Piero Cipollone,What resilience takes: strengthening the financial system in an era of heightened risk,https://www.ecb.europa.eu/press/key/date/html/index.en.html,3952,13,8,0.238,18,7,1,"{""recession"": 1, ""resilient"": 4, ""robust"": 1, ""solid"": 1, ""strong"": 3, ""support"": 1, ""tightening"": 2, ""uncertain"": 1, ""uncertainty"": 4}",1.0213cd75
BCE,2025-09-17,Christine Lagarde,This time is never different: the importance of safeguarding financial stability,https://www.ecb.europa.eu/press/key/date/html/index.en.html,1142,2,1,0.333,3,2,0,"{""robust"": 1, ""solid"": 1, ""uncertain"": 1}",1.0213cd75
Fed,2025-09-22,Stephen I. Miran,Nonmonetary Forces and Appropriate Monetary Policy,https://www.federalreserve.gov/newsevents/speech/miran20250922a.htm,4204,17,15,0.062,20,39,1,"{""cuts"": 2, ""disinflation"": 1, ""downward"": 2, ""raise"": 1, ""restrictive"": 4, ""strong"": 4, ""too high"": 1, ""uncertain"": 2, ""uncertainty"": 1, ""well below"": 1, ""will raise"": 1}",1.0213cd75
Fed,2025-09-23,Jerome H. Powell,Economic Outlook,https://www.federalreserve.gov/newsevents/speech/powell20250923a.htm,1243,9,25,-0.471,19,16,1,"{""disinflation"": 1, ""downside risks"": 4, ""ease"": 1, ""higher inflation"": 1, ""inflation has eased"": 1, ""moderated"": 1, ""persistent inflation"": 1, ""price pressures"": 1, ""restrictive"": 2, ""slowdown"": 1, ""slowed"": 2, ""slowing"": 1, ""uncertainty"": 2}",1.0213cd75
Fed,2025-09-23,Michelle W. Bowman,Views on the Economy and Monetary Policy,https://www.federalreserve.gov/newsevents/speech/bowman20250923a.htm,2718,11,55,-0.667,37,37,1,"{""cuts"": 1, ""deterioration"": 3, ""downside risks"": 2, ""downward"": 2, ""elevated inflation"": 1, ""inflation remains elevated"": 1, ""lower the target range"": 1, ""moderate"": 1, ""raise"": 2, ""resilient"": 1, ""restrictive"": 1, ""slowdown"": 1, ""slowed"": 2, ""slowing"": 3, ""softened"": 1, ""softening"": 2, ""support"": 4, ""upside risks"": 1, ""weakened"": 2, ""weakening"": 4, ""well below"": 1}",1.0213cd75
Fed,2025-09-25,Michael S. Barr,Preserving the Dynamism and Credibility of Stress Testing ,https://www.federalreserve.gov/newsevents/speech/barr20250925a.htm,4749,18,12,0.2,24,0,0,"{""determined"": 1, ""downside risk"": 1, ""firm"": 14, ""raise"": 2, ""recession"": 4, ""resilient"": 1, ""slowed"": 1}",1.0213cd75
Fed,2025-09-26,Michelle W. Bowman,Thoughts on Monetary Policy Decisionmaking and Challenges Ahead,https://www.federalreserve.gov/newsevents/speech/bowman20250926a.htm,5478,30,45,-0.2,51,77,1,"{""accommodation"": 2, ""accommodative"": 2, ""asset purchases"": 1, ""contraction"": 1, ""deterioration"": 3, ""downside risks"": 2, ""downward"": 1, ""easing"": 1, ""elevated inflation"": 1, ""firm"": 1, ""gradual"": 1, ""inflationary pressures"": 2, ""lower inflation"": 2, ""lower interest rates"": 1, ""raise"": 4, ""raising"": 1, ""raising the policy rate"": 1, ""resilient"": 1, ""restrictive"": 1, ""runoff"": 3, ""stimulus"": 1, ""strong"": 4, ""strong labor market"": 1, ""support"": 6, ""tighten"": 1, ""tightening"": 1, ""uncertainty"": 3, ""weakening"": 2}",1.0213cd75
BCE,2025-09-26,Piero Cipollone,Preparing the future of payments and money: the role of research and innovation,https://www.ecb.europa.eu/press/key/date/html/index.en.html,4693,8,6,0.143,12,5,1,"{""cut"": 1, ""gradual"": 1, ""raise"": 2, ""resilient"": 1, ""slowing"": 1, ""solid"": 1, ""strong"": 3, ""support"": 2}",1.0213cd75
Fed,2025-09-29,Christopher J. Waller,The Next Frontier of Payments Innovation,https://www.federalreserve.gov/newsevents/speech/waller20250929a.htm,2305,1,3,-0.5,4,0,0,"{""firm"": 1, ""support"": 3}",1.0213cd75
BoJ,2025-09-29,Asahi Noguchi,"""Transformation of the Global Economy and Developments in Monetary Policy"" (Speech at a Meeting Held by the Sapporo Chamber of Commerce and Industry)",https://www.boj.or.jp/en/about/press/koen_2025/ko250929a.htm,9679,78,96,-0.103,106,131,1,"{""accommodation"": 1, ""accommodative"": 1, ""asset purchases"": 3, ""below the 2 percent"": 1, ""contraction"": 3, ""deterioration"": 2, ""downside risks"": 5, ""downward"": 1, ""easing"": 3, ""gradual"": 1, ""hikes"": 10, ""lower interest rates"": 1, ""moderate"": 1, ""monetary easing"": 9, ""negative interest rate"": 4, ""patient"": 1, ""quantitative easing"": 2, ""quantitative tightening"": 3, ""raise"": 6, ""raising"": 10, ""reinvestment"": 1, ""slowed"": 2, ""sluggish"": 1, ""solid"": 2, ""stimulus"": 2, ""strong"": 6, ""support"": 6, ""tight labor market"": 1, ""tighten"": 3, ""tightened"": 1, ""tightening"": 6, ""uncertainty"": 1, ""upside risks"": 4, ""wait"": 1, ""weakening"": 1}",1.0213cd75
BCE,2025-09-29,Piero Cipollone,"Digital euro: protecting our freedom, autonomy and security",https://www.ecb.europa.eu/press/key/date/html/index.en.html,2324,4,1,0.6,5,1,0,"{""resilient"": 2, ""strong"": 2, ""support"": 1}",1.0213cd75
Fed,2025-09-30,Philip N. Jefferson,Monetary Policy Frameworks and the U.S. Economic Outlook,https://www.federalreserve.gov/newsevents/speech/jefferson20250930a.htm,2683,8,38,-0.652,30,52,1,"{""cooling"": 1, ""cut"": 1, ""disinflation"": 1, ""downside risks"": 1, ""downward"": 1, ""gradual"": 1, ""higher inflation"": 1, ""moderated"": 2, ""recession"": 1, ""robust"": 3, ""slowdown"": 1, ""slowed"": 3, ""slowing"": 1, ""softening"": 3, ""support"": 2, ""tight labor market"": 1, ""uncertain"": 1, ""uncertainty"": 2, ""upward pressure"": 1, ""weaker"": 2}",1.0213cd75
BCE,2025-09-30,Piero Cipollone,Innovating for stability: central bank money in the digital era,https://www.ecb.europa.eu/press/key/date/html/index.en.html,1872,0,1,-1.0,1,1,0,"{""uncertain"": 1}",1.0213cd75
BCE,2025-09-30,Christine Lagarde,Trade wars and central banks: lessons from 2025,https://www.ecb.europa.eu/press/key/date/html/index.en.html,2479,6,29,-0.657,28,25,1,"{""cut"": 1, ""downside risks"": 1, ""downward"": 2, ""firm"": 1, ""inflationary pressures"": 1, ""lower inflation"": 1, ""moderate"": 1, ""raise"": 2, ""strong"": 1, ""support"": 2, ""uncertain"": 1, ""uncertainty"": 12, ""weaker"": 2}",1.0213cd75
BCE,2025-10-01,Frank Elderson,From charting the course to staying the course: the path ahead for climate and nature risk supervision,https://www.ecb.europa.eu/press/key/date/html/index.en.html,3589,6,3,0.333,8,1,0,"{""cut"": 1, ""gradual"": 1, ""raise"": 1, ""resilient"": 3, ""robust"": 1, ""support"": 1}",1.0213cd75
Fed,2025-10-03,Philip N. Jefferson,Economic Outlook and the Fed’s Monetary Policy Framework,https://www.federalreserve.gov/newsevents/speech/jefferson20251003a.htm,2291,6,31,-0.676,24,43,1,"{""cooling"": 1, ""cut"": 1, ""determined"": 1, ""disinflation"": 1, ""downside risks"": 1, ""downward"": 1, ""gradual"": 1, ""higher inflation"": 1, ""moderated"": 1, ""robust"": 1, ""slowdown"": 1, ""slowed"": 2, ""slowing"": 1, ""softening"": 2, ""support"": 2, ""tight labor market"": 1, ""uncertain"": 1, ""uncertainty"": 2, ""weaker"": 2}",1.0213cd75
BoJ,2025-10-03,Kazuo Ueda,"""Japan's Economy and Monetary Policy"" (Speech at a Meeting with Business Leaders in Osaka)",https://www.boj.or.jp/en/about/press/koen_2025/ko251003a.htm,3404,7,42,-0.714,32,29,1,"{""accommodation"": 1, ""accommodative"": 1, ""continue to raise"": 1, ""cut"": 1, ""deterioration"": 3, ""downside risks"": 2, ""downward"": 3, ""moderate"": 4, ""monetary easing"": 1, ""resilient"": 3, ""slowdown"": 3, ""slowed"": 1, ""solid"": 1, ""strong"": 1, ""support"": 2, ""uncertainty"": 4}",1.0213cd75
BCE,2025-10-03,Isabel Schnabel,Resisting deregulation: safeguarding bank resilience in an evolving financial landscape,https://www.ecb.europa.eu/press/key/date/html/index.en.html,3561,12,10,0.091,17,5,1,"{""deterioration"": 1, ""gradual"": 1, ""recession"": 2, ""resilient"": 4, ""robust"": 1, ""softening"": 1, ""strong"": 4, ""tightening"": 1, ""uncertain"": 1, ""uncertainty"": 1}",1.0213cd75
BCE,2025-10-03,Christine Lagarde,Monetary policy and financial stability: past lessons for future resilience,https://www.ecb.europa.eu/press/key/date/html/index.en.html,2783,20,17,0.081,20,36,1,"{""accommodation"": 1, ""asset purchases"": 1, ""below target"": 1, ""hikes"": 1, ""normalisation"": 1, ""overheating"": 1, ""quantitative easing"": 1, ""recession"": 2, ""resilient"": 1, ""strong"": 1, ""tighten"": 1, ""tightened"": 1, ""tightening"": 3, ""vigilance"": 1, ""wait"": 1, ""weaker"": 2}",1.0213cd75
BCE,2025-10-06,Christine Lagarde,Hearing of the Committee on Economic and Monetary Affairs of the European Parliament,https://www.ecb.europa.eu/press/key/date/html/index.en.html,1622,5,21,-0.615,18,18,1,"{""determined"": 1, ""disinflationary"": 1, ""downside risks"": 2, ""easing"": 1, ""moderate"": 1, ""price pressures"": 1, ""raising"": 1, ""rate cuts"": 1, ""resilient"": 1, ""sluggish"": 1, ""softening"": 1, ""support"": 1, ""uncertain"": 2, ""uncertainty"": 3}",1.0213cd75
BCE,2025-10-06,Philip R. Lane,The conduct of monetary policy,https://www.ecb.europa.eu/press/key/date/html/index.en.html,3894,5,49,-0.815,34,158,1,"{""cut"": 1, ""deterioration"": 1, ""disinflation"": 6, ""disinflationary"": 1, ""downside risk"": 1, ""downside risks"": 2, ""downward"": 2, ""lower inflation"": 1, ""moderating"": 1, ""raise"": 1, ""restrictive"": 1, ""softening"": 1, ""subdued"": 1, ""uncertain"": 1, ""uncertainty"": 9, ""upside risk"": 1, ""wait"": 1, ""weaker"": 2}",1.0213cd75
Fed,2025-10-07,Michelle W. Bowman,Welcome Remarks,https://www.federalreserve.gov/newsevents/speech/bowman20251007a.htm,1203,1,2,-0.333,3,0,0,"{""strong"": 1, ""support"": 2}",1.0213cd75
BCE,2025-10-07,Christine Lagarde,Turning openness into strength: the moment of the euro,https://www.ecb.europa.eu/press/key/date/html/index.en.html,2342,6,7,-0.077,12,2,0,"{""raising"": 1, ""strong"": 2, ""support"": 4, ""uncertain"": 1, ""upward pressure"": 3, ""weaker"": 1}",1.0213cd75
Fed,2025-10-08,Michael S. Barr,Economic Data and Research in Indian Country,https://www.federalreserve.gov/newsevents/speech/barr20251008b.htm,1895,2,3,-0.2,5,2,0,"{""moderate"": 1, ""reinvest"": 1, ""reinvestment"": 1, ""resilient"": 1, ""strong"": 1}",1.0213cd75
Fed,2025-10-08,Michael S. Barr,Community Banking: The Cornerstone of Building Communities,https://www.federalreserve.gov/newsevents/speech/barr20251008a.htm,2315,4,7,-0.273,9,0,0,"{""raise"": 1, ""soft"": 1, ""strong"": 1, ""support"": 2, ""uncertainty"": 2, ""vigilance"": 1, ""weakening"": 1}",1.0213cd75
Fed,2025-10-09,Michelle W. Bowman,Community Banking: Looking Toward the Future,https://www.federalreserve.gov/newsevents/speech/bowman20251009b.htm,1596,2,5,-0.429,7,1,0,"{""raising"": 2, ""support"": 4, ""uncertainty"": 1}",1.0213cd75
Fed,2025-10-09,Michelle W. Bowman,Opening Remarks,https://www.federalreserve.gov/newsevents/speech/bowman20251009a.htm,736,4,2,0.333,6,0,0,"{""moderate"": 1, ""resilient"": 1, ""strong"": 3, ""support"": 1}",1.0213cd75
Fed,2025-10-09,Jerome H. Powell,Welcoming Remarks,https://www.federalreserve.gov/newsevents/speech/powell20251009a.htm,321,1,0,1.0,1,0,0,"{""strong"": 1}",1.0213cd75
Fed,2025-10-09,Michael S. Barr,The Economic Outlook and Monetary Policy,https://www.federalreserve.gov/newsevents/speech/barr20251009a.htm,2547,17,33,-0.32,32,47,1,"{""deteriorated"": 2, ""ease"": 1, ""easing"": 2, ""firm"": 1, ""gradual"": 2, ""higher inflation"": 2, ""hikes"": 1, ""raise"": 1, ""restrictive"": 2, ""slowdown"": 2, ""slowed"": 2, ""slowing"": 2, ""softened"": 1, ""softening"": 1, ""strong"": 2, ""strong labor market"": 1, ""uncertainty"": 4, ""upside risks"": 1, ""wait"": 1, ""weaker"": 1}",1.0213cd75
Fed,2025-10-14,Jerome H. Powell,Understanding the Fed’s Balance Sheet,https://www.federalreserve.gov/newsevents/speech/powell20251014a.htm,4260,27,50,-0.299,47,28,1,"{""accommodation"": 1, ""accommodative"": 2, ""asset purchases"": 9, ""determined"": 1, ""disinflation"": 1, ""downside risks"": 3, ""downward"": 1, ""ease"": 1, ""elevated inflation"": 1, ""firming"": 1, ""inflationary pressures"": 1, ""quantitative easing"": 2, ""quantitative tightening"": 1, ""raise the policy rate"": 1, ""raising"": 1, ""resilient"": 3, ""runoff"": 2, ""slowed"": 2, ""strong"": 2, ""support"": 5, ""tightening"": 4, ""uncertain"": 1, ""upward pressure"": 1}",1.0213cd75
Fed,2025-10-15,Christopher J. Waller,Innovation at the Speed of AI,https://www.federalreserve.gov/newsevents/speech/waller20251015a.htm,2439,2,5,-0.429,6,2,0,"{""firm"": 1, ""raise"": 1, ""slowing"": 1, ""support"": 3}",1.0213cd75
BCE,2025-10-15,Luis de Guindos,From crisis to collective strength: a successful decade of the Single Resolution Mechanism and the road ahead,https://www.ecb.europa.eu/press/key/date/html/index.en.html,1472,9,3,0.5,11,2,0,"{""resilient"": 3, ""solid"": 1, ""strong"": 3, ""support"": 1, ""tightening"": 1, ""uncertainty"": 1, ""wait"": 1}",1.0213cd75
Fed,2025-10-16,Michelle W. Bowman,Welcome Remarks,https://www.federalreserve.gov/newsevents/speech/bowman20251016a.htm,762,4,0,1.0,4,0,0,"{""determined"": 1, ""resilient"": 1, ""robust"": 2}",1.0213cd75
Fed,2025-10-16,Christopher J. Waller,Cutting Rates in the Face of Conflicting Data,https://www.federalreserve.gov/newsevents/speech/waller20251016a.htm,3191,22,49,-0.38,50,40,1,"{""accommodation"": 1, ""contraction"": 2, ""cuts"": 1, ""easing"": 1, ""firm"": 2, ""gradual"": 1, ""moderate"": 1, ""raise"": 2, ""recession"": 1, ""resilient"": 2, ""restrictive"": 3, ""robust"": 1, ""slowdown"": 2, ""slowed"": 1, ""slowing"": 1, ""soft"": 2, ""softening"": 5, ""solid"": 5, ""strong"": 3, ""support"": 6, ""uncertain"": 1, ""uncertainty"": 2, ""wait"": 1, ""weakened"": 1, ""weakening"": 2}",1.0213cd75
Fed,2025-10-16,Michael S. Barr,Exploring the Possibilities and Risks of New Payment Technologies,https://www.federalreserve.gov/newsevents/speech/barr20251016a.htm,4001,5,2,0.429,7,0,0,"{""raise"": 1, ""robust"": 3, ""strong"": 1, ""support"": 2}",1.0213cd75
BoJ,2025-10-16,Naoki Tamura,"""Economic Activity, Prices, and Monetary Policy in Japan"" (Speech at a Meeting with Local Leaders in Okinawa)",https://www.boj.or.jp/en/about/press/koen_2025/ko251016a.htm,4530,34,48,-0.171,52,50,1,"{""accommodation"": 2, ""accommodative"": 2, ""deterioration"": 1, ""downside risks"": 4, ""downward"": 5, ""firm"": 1, ""hikes"": 4, ""moderate"": 3, ""persistent inflation"": 1, ""premature"": 1, ""raise"": 6, ""raising"": 4, ""restrictive"": 2, ""slowdown"": 2, ""sluggish"": 4, ""strong"": 3, ""tightening"": 1, ""uncertain"": 1, ""uncertainty"": 3, ""upside risks"": 1, ""wait"": 1}",1.0213cd75
BCE,2025-10-17,Christine Lagarde,IMFC Statement,https://www.ecb.europa.eu/press/key/date/html/index.en.html,1660,8,27,-0.543,28,21,1,"{""determined"": 1, ""downside risks"": 2, ""moderate"": 2, ""price pressures"": 1, ""rate cuts"": 1, ""resilient"": 1, ""robust"": 2, ""softening"": 1, ""strong"": 2, ""subdued"": 2, ""support"": 5, ""uncertain"": 3, ""uncertainty"": 5}",1.0213cd75
BCE,2025-10-18,Christine Lagarde,Opening remarks,https://www.ecb.europa.eu/press/key/date/html/index.en.html,1643,3,5,-0.25,7,0,0,"{""cut"": 1, ""raise"": 1, ""resilient"": 1, ""strong"": 1, ""supportive"": 1, ""uncertainty"": 2}",1.0213cd75
BoJ,2025-10-20,Hajime Takata,"""Economic Activity, Prices, and Monetary Policy in Japan: Japan as a Leading Asset Management Center"" (Speech at a Meeting of the Chugoku Economic Federation Held in Hiroshima)",https://www.boj.or.jp/en/about/press/koen_2025/ko251020a.htm,11078,46,112,-0.418,92,46,1,"{""accommodation"": 4, ""accommodative"": 3, ""contraction"": 1, ""cut"": 7, ""cut the policy rate"": 1, ""deterioration"": 3, ""downward"": 2, ""easing"": 2, ""firm"": 1, ""hike"": 1, ""hikes"": 6, ""lower interest rates"": 1, ""moderate"": 1, ""monetary easing"": 7, ""normalization"": 4, ""patient"": 1, ""quantitative easing"": 1, ""raise"": 4, ""raising"": 1, ""rate cut"": 2, ""rate cuts"": 1, ""recession"": 2, ""resilient"": 3, ""robust"": 2, ""slowdown"": 8, ""sluggish"": 3, ""solid"": 2, ""stimulus"": 1, ""strong"": 5, ""support"": 3, ""tightening"": 1, ""uncertainty"": 2, ""upward pressure"": 2, ""vigilance"": 1, ""weakening"": 1, ""weaker"": 2}",1.0213cd75
Fed,2025-10-21,Christopher J. Waller,Embracing New Technologies and Players in Payments,https://www.federalreserve.gov/newsevents/speech/waller20251021a.htm,1458,0,3,-1.0,3,0,0,"{""support"": 3}",1.0213cd75
BoJ,2025-10-21,Ryozo Himino,"""Prophets, Armed and Unarmed: The Roles of Power and Knowledge in International Prudential Standards"" (Speech at the 2025 GZERO Summit Japan)",https://www.boj.or.jp/en/about/press/koen_2025/ko251021a.htm,3229,3,8,-0.455,8,12,1,"{""cuts"": 1, ""recession"": 2, ""resilient"": 2, ""strong"": 1, ""support"": 1, ""uncertain"": 1}",1.0213cd75
BCE,2025-10-21,Christine Lagarde,Europe’s road to renewables,https://www.ecb.europa.eu/press/key/date/html/index.en.html,2969,6,15,-0.429,16,6,1,"{""cut"": 2, ""firm"": 1, ""gradual"": 1, ""raise"": 1, ""strong"": 1, ""support"": 6, ""tightening"": 1, ""uncertainty"": 1, ""weakening"": 1, ""weaker"": 1}",1.0213cd75
BCE,2025-10-21,Philip R. Lane,The transmission of monetary policy: financial conditions and credit dynamics,https://www.ecb.europa.eu/press/key/date/html/index.en.html,8281,60,113,-0.306,114,63,1,"{""accommodation"": 2, ""asset purchases"": 1, ""contraction"": 1, ""deterioration"": 1, ""determined"": 1, ""downside risk"": 1, ""downward"": 1, ""eased"": 5, ""easing"": 9, ""firm"": 7, ""gradual"": 2, ""hike"": 2, ""hikes"": 2, ""lower inflation"": 1, ""lower interest rates"": 1, ""monetary easing"": 2, ""quantitative tightening"": 2, ""rate cuts"": 4, ""restrictive"": 1, ""solid"": 1, ""strong"": 1, ""subdued"": 2, ""supportive"": 1, ""tightened"": 2, ""tightening"": 16, ""uncertainty"": 38, ""wait"": 1, ""weakening"": 3, ""weaker"": 3}",1.0213cd75
Fed,2025-10-22,Michael S. Barr,Brief Remarks,https://www.federalreserve.gov/newsevents/speech/barr20251022b.htm,818,0,4,-1.0,4,0,0,"{""moderate"": 3, ""reinvestment"": 1}",1.0213cd75
Fed,2025-10-23,Michael S. Barr, Supporting Investment in Communities: The First 25 Years of the New Markets Tax Credit ,https://www.federalreserve.gov/newsevents/speech/barr20251023a.htm,1392,1,6,-0.714,7,0,0,"{""strong"": 1, ""support"": 6}",1.0213cd75
BCE,2025-10-23,Philip R. Lane,Acceptance speech 2025 Pádraig Ó hUiginn Award,https://www.ecb.europa.eu/press/key/date/html/index.en.html,919,1,1,0.0,2,0,0,"{""raise"": 1, ""support"": 1}",1.0213cd75
BCE,2025-10-27,Frank Elderson,Making supervision simpler: the role of supervisory guides,https://www.ecb.europa.eu/press/key/date/html/index.en.html,2926,8,1,0.778,9,0,0,"{""resilient"": 3, ""solid"": 3, ""strong"": 2, ""support"": 1}",1.0213cd75
BCE,2025-10-29,Christine Lagarde,Remarks delivered at the Palazzo Vecchio on the occasion of the external Governing Council monetary policy meeting in Florence,https://www.ecb.europa.eu/press/key/date/html/index.en.html,938,1,0,1.0,1,2,0,"{""resilient"": 1}",1.0213cd75
Fed,2025-10-30,Michelle W. Bowman,Opening Remarks,https://www.federalreserve.gov/newsevents/speech/bowman20251030a.htm,1340,0,1,-1.0,1,1,0,"{""supportive"": 1}",1.0213cd75
Fed,2025-11-03,Lisa D. Cook,The Economic Outlook and Monetary Policy,https://www.federalreserve.gov/newsevents/speech/cook20251103a.htm,2017,22,19,0.073,27,27,1,"{""cooling"": 1, ""downside risks"": 2, ""firm"": 1, ""gradual"": 1, ""highly attentive"": 1, ""lower the target range"": 1, ""normalization"": 1, ""raising"": 1, ""restrictive"": 1, ""robust"": 1, ""runoff"": 2, ""slowdown"": 1, ""slowing"": 3, ""softening"": 1, ""solid"": 3, ""support"": 1, ""too high"": 2, ""uncertainty"": 1, ""upside risks"": 2}",1.0213cd75
BCE,2025-11-04,Christine Lagarde,Bulgaria on the euro’s doorstep: towards a shared future,https://www.ecb.europa.eu/press/key/date/html/index.en.html,1871,5,9,-0.286,12,7,1,"{""ease"": 1, ""reinvest"": 1, ""solid"": 1, ""strong"": 4, ""support"": 3, ""uncertainty"": 1, ""weakened"": 1}",1.0213cd75
BCE,2025-11-06,Isabel Schnabel,Towards a new Eurosystem balance sheet,https://www.ecb.europa.eu/press/key/date/html/index.en.html,5025,35,35,0.0,41,35,1,"{""asset purchase programme"": 1, ""asset purchases"": 9, ""disinflation"": 1, ""downside risks"": 1, ""eases"": 1, ""gradual"": 3, ""normalisation"": 10, ""quantitative easing"": 1, ""quantitative tightening"": 2, ""raising"": 1, ""reinvest"": 1, ""slowdown"": 1, ""stimulus"": 1, ""strong"": 2, ""tightened"": 1, ""tightening"": 2, ""uncertain"": 2, ""upward pressure"": 1}",1.0213cd75
Fed,2025-11-07,Stephen I. Miran,A Global Stablecoin Glut: Implications for Monetary Policy,https://www.federalreserve.gov/newsevents/speech/miran20251107a.htm,2904,1,18,-0.895,11,17,1,"{""accommodation"": 2, ""cut"": 1, ""downward"": 3, ""lower interest rates"": 1, ""quantitative easing"": 1, ""strong"": 1, ""support"": 2}",1.0213cd75
Fed,2025-11-07,Philip N. Jefferson,AI and the Economy,https://www.federalreserve.gov/newsevents/speech/jefferson20251107a.htm,2162,7,11,-0.222,13,16,1,"{""cooling"": 1, ""downside risks"": 1, ""downward"": 2, ""inflationary pressures"": 1, ""moderate"": 1, ""restrictive"": 1, ""robust"": 1, ""strong"": 1, ""support"": 1, ""uncertain"": 2, ""upward pressure"": 1}",1.0213cd75
BoJ,2025-11-10,Junko Nakagawa,"""Economic Activity, Prices, and Monetary Policy in Japan"" (Speech at a Meeting of the Okayama Club Held in Okayama)",https://www.boj.or.jp/en/about/press/koen_2025/ko251110a.htm,3611,27,28,-0.018,35,27,1,"{""accommodation"": 1, ""accommodative"": 1, ""continue to raise"": 1, ""cut"": 1, ""deterioration"": 1, ""downward"": 3, ""gradual"": 1, ""hikes"": 7, ""inflationary pressures"": 1, ""moderate"": 5, ""raising"": 2, ""resilient"": 1, ""slowdown"": 2, ""solid"": 2, ""strong"": 1, ""support"": 3, ""tight labor market"": 1, ""weakened"": 1}",1.0213cd75
Fed,2025-11-11,Michael S. Barr,AI and Central Banking,https://www.federalreserve.gov/newsevents/speech/barr20251111a.htm,2402,2,2,0.0,4,2,0,"{""firm"": 1, ""raising"": 1, ""support"": 2}",1.0213cd75
BCE,2025-11-14,Frank Elderson,Resilient banks through effective supervision: a pillar of Europe’s competitiveness,https://www.ecb.europa.eu/press/key/date/html/index.en.html,4210,22,13,0.257,31,1,0,"{""cut"": 1, ""resilient"": 13, ""robust"": 2, ""solid"": 2, ""strong"": 3, ""subdued"": 1, ""support"": 6, ""uncertain"": 1, ""vigilance"": 1, ""weaker"": 1}",1.0213cd75
Fed,2025-11-17,Christopher J. Waller,The Case for Continuing Rate Cuts,https://www.federalreserve.gov/newsevents/speech/waller20251117a.htm,3380,14,56,-0.6,44,21,1,"{""above target"": 2, ""contraction"": 1, ""cut"": 3, ""cut the policy rate"": 1, ""cuts"": 1, ""downward"": 1, ""eased"": 1, ""firm"": 2, ""gradual"": 1, ""hikes"": 1, ""raising"": 1, ""rate cuts"": 1, ""restrictive"": 1, ""robust"": 1, ""slowdown"": 3, ""slowed"": 3, ""slowing"": 2, ""soft"": 6, ""support"": 3, ""tighten"": 1, ""uncertain"": 1, ""upward pressure"": 1, ""weakening"": 4, ""weaker"": 2}",1.0213cd75
Fed,2025-11-17,Philip N. Jefferson,Economic Outlook and Monetary Policy,https://www.federalreserve.gov/newsevents/speech/jefferson20251117a.htm,1361,9,9,0.0,14,13,1,"{""cooling"": 1, ""downside risks"": 2, ""gradual"": 1, ""moderate"": 1, ""reinvest"": 1, ""reinvestment"": 1, ""restrictive"": 1, ""runoff"": 3, ""solid"": 1, ""support"": 1, ""upside risks"": 1}",1.0213cd75
BCE,2025-11-17,Piero Cipollone,The digital euro: a collective step forward for Europe,https://www.ecb.europa.eu/press/key/date/html/index.en.html,2927,0,4,-1.0,3,1,0,"{""support"": 1, ""wait"": 1, ""well below"": 1}",1.0213cd75
BCE,2025-11-17,Luis de Guindos,Financial stability in the euro area,https://www.ecb.europa.eu/press/key/date/html/index.en.html,1278,2,12,-0.714,11,2,0,"{""deterioration"": 1, ""eased"": 1, ""raise"": 1, ""strong"": 1, ""subdued"": 1, ""support"": 1, ""uncertain"": 1, ""uncertainty"": 4}",1.0213cd75
Fed,2025-11-18,Michael S. Barr,"The Case for Strong, Effective Banking Supervision",https://www.federalreserve.gov/newsevents/speech/barr20251118a.htm,3749,14,28,-0.333,30,2,0,"{""contraction"": 1, ""cut"": 1, ""cuts"": 2, ""firm"": 3, ""moderate"": 1, ""raising"": 1, ""recession"": 1, ""resilient"": 1, ""robust"": 1, ""strong"": 8, ""support"": 3, ""weakened"": 3, ""weakening"": 2, ""weaker"": 2}",1.0213cd75
Fed,2025-11-19,Stephen I. Miran,Regulatory Dominance of the Federal Reserve’s Balance Sheet,https://www.federalreserve.gov/newsevents/speech/miran20251119a.htm,2324,6,8,-0.143,12,9,1,"{""asset purchases"": 2, ""balance sheet reduction"": 1, ""quantitative tightening"": 1, ""raise"": 1, ""runoff"": 3, ""support"": 3, ""uncertainty"": 1}",1.0213cd75
Fed,2025-11-20,Lisa D. Cook,A Policymaker’s View of Financial Stability,https://www.federalreserve.gov/newsevents/speech/cook20251120a.htm,4202,9,9,0.0,14,1,0,"{""recession"": 4, ""resilient"": 5, ""strong"": 4, ""support"": 1}",1.0213cd75
BoJ,2025-11-20,Junko Koeda,"""Economic Activity, Prices, and Monetary Policy in Japan"" (Speech at a Meeting with Local Leaders in Niigata)",https://www.boj.or.jp/en/about/press/koen_2025/ko251120a.htm,4681,27,35,-0.129,38,48,1,"{""accommodation"": 3, ""accommodative"": 2, ""continue to raise"": 1, ""cut"": 2, ""downside risk"": 3, ""downside risks"": 1, ""downward"": 3, ""firm"": 1, ""hikes"": 3, ""normalization"": 2, ""raise"": 1, ""resilient"": 3, ""robust"": 1, ""slowdown"": 1, ""solid"": 3, ""strong"": 2, ""support"": 1, ""uncertainty"": 2, ""upside risk"": 2, ""weaker"": 1}",1.0213cd75
Fed,2025-11-21,Michael S. Barr,Welcoming Remarks ,https://www.federalreserve.gov/newsevents/speech/barr20251121a.htm,925,0,0,,0,5,0,{},1.0213cd75
Fed,2025-11-21,Philip N. Jefferson,"AI, the Economy, and Financial Stability",https://www.federalreserve.gov/newsevents/speech/jefferson20251121a.htm,2810,13,10,0.13,18,6,1,"{""downward"": 1, ""ease"": 1, ""firm"": 1, ""inflationary pressures"": 1, ""resilient"": 3, ""robust"": 1, ""solid"": 1, ""strong"": 2, ""support"": 1, ""tighten"": 1, ""uncertain"": 2, ""uncertainty"": 1, ""upward pressure"": 1, ""well below"": 1}",1.0213cd75
BCE,2025-11-21,Christine Lagarde,From resilience to strength: unleashing Europe’s domestic market,https://www.ecb.europa.eu/press/key/date/html/index.en.html,3063,12,16,-0.143,23,2,0,"{""cut"": 1, ""raise"": 1, ""resilient"": 6, ""slowed"": 1, ""slowing"": 1, ""soft"": 2, ""strong"": 3, ""support"": 1, ""too high"": 1, ""uncertain"": 2, ""uncertainty"": 3, ""weakened"": 1}",1.0213cd75
BCE,2025-11-22,Christine Lagarde,Fiscal policy and growth in Europe,https://www.ecb.europa.eu/press/key/date/html/index.en.html,2301,8,18,-0.385,18,17,1,"{""cut"": 1, ""cuts"": 1, ""downside risks"": 1, ""downward"": 1, ""easing"": 1, ""firm"": 1, ""quantitative tightening"": 2, ""strong"": 1, ""support"": 5, ""tightening"": 1, ""uncertain"": 1, ""wage pressures"": 1, ""well below"": 1}",1.0213cd75
BCE,2025-11-24,Christine Lagarde,The transformative power of AI: Europe’s moment to act,https://www.ecb.europa.eu/press/key/date/html/index.en.html,1725,3,2,0.2,4,0,0,"{""firm"": 2, ""patient"": 1, ""strong"": 1}",1.0213cd75
BoJ,2025-11-27,Asahi Noguchi,"""Economic Activity, Prices, and Monetary Policy in Japan"" (Speech at a Meeting with Local Leaders in Oita)",https://www.boj.or.jp/en/about/press/koen_2025/ko251127a.htm,5251,49,40,0.101,52,60,1,"{""accommodation"": 3, ""accommodative"": 1, ""contraction"": 1, ""deterioration"": 1, ""determined"": 1, ""downward"": 6, ""easing"": 1, ""firm"": 1, ""gradual"": 1, ""higher inflation"": 2, ""hike"": 1, ""hikes"": 16, ""moderate"": 1, ""monetary easing"": 6, ""raising"": 4, ""resilient"": 1, ""solid"": 1, ""strong"": 2, ""tightening"": 1, ""uncertain"": 1}",1.0213cd75
Fed,2025-12-01,Jerome H. Powell,Opening Remarks,https://www.federalreserve.gov/newsevents/speech/powell20251201a.htm,808,1,3,-0.5,3,1,0,"{""patience"": 1, ""strong"": 1, ""support"": 1}",1.0213cd75
BoJ,2025-12-01,Kazuo Ueda,"""Japan's Economy and Monetary Policy"" (Speech at a Meeting with Business Leaders in Nagoya)",https://www.boj.or.jp/en/about/press/koen_2025/ko251201a.htm,3887,16,36,-0.385,37,28,1,"{""accommodation"": 3, ""accommodative"": 2, ""continue to raise"": 1, ""deterioration"": 1, ""downside risks"": 1, ""downward"": 3, ""easing"": 1, ""firm"": 1, ""hikes"": 2, ""moderate"": 6, ""raise"": 1, ""raising"": 4, ""resilient"": 1, ""slowdown"": 1, ""solid"": 2, ""strong"": 1, ""support"": 2, ""uncertainty"": 4}",1.0213cd75
BCE,2025-12-03,Christine Lagarde,Hearing of the Committee on Economic and Monetary Affairs of the European Parliament,https://www.ecb.europa.eu/press/key/date/html/index.en.html,1451,5,14,-0.474,13,31,1,"{""accommodation"": 1, ""deterioration"": 2, ""downside risks"": 1, ""easing"": 1, ""gradual"": 1, ""normalisation"": 1, ""resilient"": 1, ""robust"": 1, ""support"": 1, ""uncertain"": 1, ""uncertainty"": 2}",1.0213cd75
BCE,2025-12-03,Philip R. Lane,Inflation deviations and monetary policy,https://www.ecb.europa.eu/press/key/date/html/index.en.html,4595,17,37,-0.37,30,130,1,"{""above target"": 1, ""accommodative"": 1, ""below target"": 1, ""deterioration"": 1, ""disinflation"": 1, ""disinflationary"": 2, ""downward"": 1, ""easing"": 5, ""inflationary pressures"": 2, ""moderate"": 1, ""monetary easing"": 1, ""sluggish"": 1, ""strong"": 1, ""tighten"": 1, ""tightened"": 1, ""tightening"": 3, ""uncertainty"": 2, ""upward pressure"": 1, ""weakening"": 1, ""weaker"": 2}",1.0213cd75
BCE,2025-12-08,Piero Cipollone,The transformation of money: technological disruption and the future of financial services,https://www.ecb.europa.eu/press/key/date/html/index.en.html,6560,14,9,0.217,21,3,1,"{""cut"": 1, ""firm"": 1, ""resilient"": 3, ""robust"": 4, ""solid"": 2, ""strong"": 4, ""support"": 4, ""uncertainty"": 1, ""weaker"": 1}",1.0213cd75
Fed,2025-12-15,Stephen I. Miran,The Inflation Outlook,https://www.federalreserve.gov/newsevents/speech/miran20251215a.htm,3978,10,15,-0.2,15,82,1,"{""cut"": 1, ""cuts"": 1, ""deterioration"": 1, ""disinflation"": 1, ""downward"": 1, ""easing"": 1, ""firm"": 1, ""gradual"": 1, ""inflationary pressures"": 1, ""price pressures"": 1, ""too high"": 2, ""uncertainty"": 3}",1.0213cd75
BCE,2025-12-19,Piero Cipollone,The future of money: a central bank perspective,https://www.ecb.europa.eu/press/key/date/html/index.en.html,2777,5,7,-0.167,10,1,0,"{""cut"": 1, ""resilient"": 2, ""robust"": 1, ""solid"": 2, ""support"": 3, ""weaker"": 1}",1.0213cd75
BoJ,2025-12-25,Kazuo Ueda,"""Toward the Achievement of the Price Stability Target Accompanied by Wage Increases"" (Speech at the Meeting of Councillors of Keidanren (Japan Business Federation) in Tokyo)",https://www.boj.or.jp/en/about/press/koen_2025/ko251225a.htm,3720,29,26,0.055,40,29,1,"{""accommodation"": 4, ""continue to raise"": 2, ""downside risks"": 1, ""downward"": 2, ""firm"": 1, ""hikes"": 3, ""moderate"": 8, ""monetary easing"": 1, ""raise"": 4, ""raising"": 3, ""robust"": 1, ""solid"": 3, ""strong"": 1, ""support"": 1, ""tightened"": 1, ""tightening"": 1, ""uncertainty"": 1, ""upward pressure"": 2}",1.0213cd75
Fed,2026-01-07,Michelle W. Bowman,Modernizing Supervision and Regulation: 2025 and the Path Ahead,https://www.federalreserve.gov/newsevents/speech/bowman20260107a.htm,3808,11,4,0.467,14,2,0,"{""firm"": 3, ""resilient"": 2, ""restrictive"": 1, ""robust"": 3, ""strong"": 1, ""support"": 3, ""uncertain"": 1}",1.0213cd75
BCE,2026-01-09,Philip R. Lane,The euro in a changing world,https://www.ecb.europa.eu/press/key/date/html/index.en.html,4232,8,5,0.231,12,27,1,"{""raising"": 1, ""resilient"": 2, ""robust"": 1, ""strong"": 2, ""support"": 1, ""tightening"": 1, ""uncertain"": 1, ""uncertainty"": 3}",1.0213cd75
Fed,2026-01-11,Jerome H. Powell,Statement from Federal Reserve Chair Jerome H. Powell,https://www.federalreserve.gov/newsevents/speech/powell20260111a.htm,362,1,0,1.0,1,1,0,"{""firm"": 1}",1.0213cd75
Fed,2026-01-14,Stephen I. Miran,"Regulations, the Supply Side, and Monetary Policy",https://www.federalreserve.gov/newsevents/speech/miran20260114a.htm,4094,25,25,0.0,35,24,1,"{""accommodative"": 2, ""contraction"": 2, ""cut"": 2, ""downward"": 1, ""easing"": 4, ""firm"": 14, ""raise"": 1, ""raise interest rates"": 1, ""raising"": 1, ""reduce interest rates"": 1, ""restrictive"": 2, ""robust"": 1, ""support"": 1, ""upward pressure"": 2}",1.0213cd75
BCE,2026-01-14,Luis de Guindos,Monetary policy and financial stability in the euro area,https://www.ecb.europa.eu/press/key/date/html/index.en.html,1522,4,22,-0.692,20,8,1,"{""downside risks"": 1, ""ease"": 1, ""easing"": 1, ""raise"": 1, ""resilient"": 1, ""robust"": 1, ""strong"": 1, ""support"": 1, ""uncertain"": 1, ""uncertainty"": 8, ""weakened"": 1, ""weaker"": 2}",1.0213cd75
Fed,2026-01-16,Michelle W. Bowman,Outlook for the Economy and Monetary Policy,https://www.federalreserve.gov/newsevents/speech/bowman20260116a.htm,3715,29,56,-0.318,51,51,1,"{""above target"": 1, ""cooling"": 1, ""cut"": 1, ""cuts"": 1, ""downside risks"": 1, ""downward"": 2, ""ease"": 2, ""easing"": 3, ""elevated inflation"": 1, ""firm"": 1, ""firming"": 1, ""inflation remains elevated"": 1, ""inflationary pressures"": 2, ""lower the target range"": 1, ""moderating"": 1, ""raise"": 2, ""resilient"": 2, ""restrictive"": 3, ""slowed"": 3, ""slowing"": 3, ""softened"": 2, ""solid"": 2, ""strong"": 1, ""strong labor market"": 1, ""support"": 4, ""upside risks"": 1, ""upward pressure"": 1, ""weakened"": 1, ""weakening"": 2, ""weaker"": 1, ""well below"": 2}",1.0213cd75
Fed,2026-01-16,Philip N. Jefferson,Economic Outlook and Monetary Policy Implementation,https://www.federalreserve.gov/newsevents/speech/jefferson20260116a.htm,2700,20,29,-0.184,32,37,1,"{""determined"": 1, ""disinflation"": 1, ""downside risk"": 1, ""downside risks"": 2, ""downward"": 2, ""eased"": 1, ""gradual"": 1, ""moderated"": 1, ""normalization"": 1, ""quantitative easing"": 1, ""runoff"": 3, ""slowdown"": 2, ""slowed"": 1, ""soft"": 1, ""softened"": 1, ""solid"": 3, ""stimulus"": 1, ""strong"": 2, ""support"": 1, ""tightening"": 1, ""upside risk"": 1, ""upside risks"": 1, ""upward pressure"": 2}",1.0213cd75
BCE,2026-01-28,Frank Elderson,Hearing of the Committee on Economic and Monetary Affairs of the European Parliament,https://www.ecb.europa.eu/press/key/date/html/index.en.html,1312,14,3,0.647,15,5,1,"{""determined"": 1, ""inflationary pressures"": 1, ""resilient"": 5, ""solid"": 1, ""strong"": 3, ""support"": 3, ""tightened"": 1}",1.0213cd75
Fed,2026-01-30,Michelle W. Bowman,Outlook for the Economy and Monetary Policy,https://www.federalreserve.gov/newsevents/speech/bowman20260130a.htm,1800,12,29,-0.415,23,26,1,"{""cut"": 1, ""cuts"": 2, ""deterioration"": 2, ""downside risks"": 3, ""downward"": 1, ""elevated inflation"": 1, ""resilient"": 1, ""restrictive"": 3, ""slowed"": 2, ""solid"": 2, ""strong labor market"": 1, ""subdued"": 1, ""support"": 1, ""weaker"": 1, ""well below"": 1}",1.0213cd75
Fed,2026-01-30,Christopher J. Waller,Statement by Governor Christopher J. Waller,https://www.federalreserve.gov/newsevents/speech/waller20260130a.htm,382,1,10,-0.818,6,6,1,"{""cuts"": 1, ""deterioration"": 2, ""downward"": 1, ""easing"": 1, ""solid"": 1}",1.0213cd75
BoJ,2026-02-02,Kazushige Kamiyama,"""Points Forming Lines, Evolving to Surfaces""(Opening Remarks at the 10th Meeting of the Liaison and Coordination Committee on Central Bank Digital Currency)",https://www.boj.or.jp/en/about/press/koen_2026/ko260217a.htm,1945,0,0,,0,12,0,{},1.0213cd75
Fed,2026-02-04,Lisa D. Cook,Economic Outlook,https://www.federalreserve.gov/newsevents/speech/cook20260204a.htm,2389,21,33,-0.222,40,43,1,"{""above target"": 1, ""cooling"": 1, ""disinflation"": 2, ""disinflationary"": 3, ""eased"": 2, ""firm"": 1, ""higher inflation"": 2, ""highly attentive"": 1, ""moderate"": 2, ""rate cuts"": 1, ""resilient"": 3, ""robust"": 1, ""slowed"": 1, ""softened"": 2, ""solid"": 5, ""strong"": 3, ""support"": 1, ""tight labor market"": 1, ""uncertainty"": 5, ""vigilant"": 1, ""weakening"": 1}",1.0213cd75
Fed,2026-02-06,Philip N. Jefferson,Economic Outlook and Supply-Side (Dis)Inflation Dynamics,https://www.federalreserve.gov/newsevents/speech/jefferson20260206a.htm,2727,26,30,-0.071,35,56,1,"{""disinflation"": 1, ""disinflationary"": 3, ""downside risks"": 2, ""eased"": 1, ""easing"": 1, ""inflation remains elevated"": 1, ""inflationary pressures"": 3, ""lower the target range"": 1, ""lowered the target range"": 1, ""price pressures"": 1, ""raise"": 1, ""rate cuts"": 1, ""robust"": 1, ""slowdown"": 1, ""softened"": 1, ""strong"": 8, ""support"": 3, ""supportive"": 1, ""tightened"": 1, ""upside risks"": 2}",1.0213cd75
BoJ,2026-02-06,Kazuyuki Masu,"""Economic Activity, Prices, and Monetary Policy in Japan"" (Speech at a Meeting with Local Leaders in Ehime)",https://www.boj.or.jp/en/about/press/koen_2026/ko260206a.htm,5101,41,31,0.139,42,71,1,"{""accommodation"": 1, ""accommodative"": 1, ""continue to raise"": 2, ""contraction"": 1, ""cut"": 2, ""deteriorated"": 1, ""deterioration"": 1, ""downward"": 2, ""firm"": 2, ""gradual"": 1, ""hike"": 3, ""hikes"": 9, ""moderate"": 3, ""monetary easing"": 3, ""negative interest rate"": 1, ""normalization"": 2, ""raise"": 4, ""raising"": 2, ""slowdown"": 1}",1.0213cd75
BCE,2026-02-06,Piero Cipollone,The digital euro: strengthening Europe’s payments ecosystem,https://www.ecb.europa.eu/press/key/date/html/index.en.html,3461,4,7,-0.273,9,0,0,"{""cut"": 1, ""ease"": 1, ""resilient"": 1, ""robust"": 1, ""strong"": 2, ""support"": 2, ""uncertainty"": 1}",1.0213cd75
BCE,2026-02-09,Christine Lagarde,European Parliament plenary debate on the ECB Annual Report,https://www.ecb.europa.eu/press/key/date/html/index.en.html,1355,12,7,0.263,19,9,1,"{""raise"": 1, ""resilient"": 4, ""robust"": 1, ""solid"": 1, ""strong"": 5, ""support"": 3, ""uncertain"": 3, ""uncertainty"": 1}",1.0213cd75
BCE,2026-02-11,Isabel Schnabel,Made in Europe,https://www.ecb.europa.eu/press/key/date/html/index.en.html,4406,9,18,-0.333,20,0,0,"{""deterioration"": 2, ""determined"": 1, ""easing"": 1, ""firm"": 2, ""gradual"": 1, ""raise"": 1, ""recession"": 1, ""softened"": 1, ""strong"": 4, ""subdued"": 2, ""support"": 3, ""uncertainty"": 1}",1.0213cd75
BCE,2026-02-12,Philip R. Lane,Bulgaria and the euro,https://www.ecb.europa.eu/press/key/date/html/index.en.html,1815,6,3,0.333,8,9,1,"{""determined"": 1, ""raise"": 1, ""recession"": 1, ""resilient"": 2, ""robust"": 2, ""support"": 1}",1.0213cd75
BCE,2026-02-12,Piero Cipollone,Europe and monetary sovereignty,https://www.ecb.europa.eu/press/key/date/html/index.en.html,6640,4,17,-0.619,17,20,1,"{""easing"": 3, ""raise"": 2, ""strong"": 2, ""support"": 7, ""uncertainty"": 2, ""weaker"": 1}",1.0213cd75
BoJ,2026-02-13,Naoki Tamura,"""Economic Activity, Prices, and Monetary Policy in Japan"" (Speech at a Meeting Held by the Kanagawa Keizai Doyukai)",https://www.boj.or.jp/en/about/press/koen_2026/ko260213a.htm,7133,54,69,-0.122,74,67,1,"{""accommodation"": 2, ""accommodative"": 4, ""continue to raise"": 3, ""deterioration"": 1, ""disinflationary"": 4, ""downward"": 6, ""firm"": 2, ""hike"": 1, ""hikes"": 10, ""moderate"": 3, ""moderated"": 1, ""monetary easing"": 5, ""negative interest rate"": 1, ""persistent inflation"": 1, ""premature"": 1, ""quantitative easing"": 1, ""raise"": 2, ""raising"": 6, ""rate increases"": 1, ""resilient"": 2, ""sluggish"": 4, ""solid"": 2, ""stimulus"": 2, ""strong"": 2, ""subdued"": 1, ""tightening"": 1, ""uncertainty"": 3, ""upward pressure"": 2}",1.0213cd75
BCE,2026-02-14,Christine Lagarde,Preparing for geoeconomic fragmentation,https://www.ecb.europa.eu/press/key/date/html/index.en.html,749,0,0,,0,1,0,{},1.0213cd75
Fed,2026-02-16,Michelle W. Bowman,"Revitalizing Bank Mortgage Lending, One Step with Basel",https://www.federalreserve.gov/newsevents/speech/bowman20260216a.htm,2094,6,8,-0.143,12,0,0,"{""contraction"": 1, ""moderate"": 2, ""resilient"": 1, ""robust"": 1, ""strong"": 2, ""support"": 3, ""tightened"": 1, ""uncertainty"": 1}",1.0213cd75
Fed,2026-02-17,Michael S. Barr,What Will Artificial Intelligence Mean for the Labor Market and the Economy?,https://www.federalreserve.gov/newsevents/speech/barr20260217a.htm,5634,18,16,0.059,24,16,1,"{""cut"": 1, ""deterioration"": 1, ""disinflation"": 1, ""firm"": 1, ""gradual"": 2, ""persistent inflation"": 1, ""recession"": 1, ""slowed"": 2, ""slowing"": 1, ""strong"": 6, ""support"": 1, ""tight labor market"": 1, ""uncertain"": 1, ""upward pressure"": 2, ""upward pressures"": 1, ""vigilant"": 1}",1.0213cd75
Fed,2026-02-19,Michelle W. Bowman,Opening Remarks,https://www.federalreserve.gov/newsevents/speech/bowman20260219a.htm,1328,1,4,-0.6,4,0,0,"{""deterioration"": 1, ""strong"": 1, ""support"": 1, ""uncertainty"": 1}",1.0213cd75
BCE,2026-02-19,Piero Cipollone,The digital euro: enhancing payments in the euro area,https://www.ecb.europa.eu/press/key/date/html/index.en.html,3820,4,7,-0.273,9,0,0,"{""cut"": 1, ""ease"": 1, ""resilient"": 1, ""robust"": 1, ""strong"": 2, ""support"": 2, ""uncertainty"": 1}",1.0213cd75
BCE,2026-02-20,Christine Lagarde,The order that took centuries to build,https://www.ecb.europa.eu/press/key/date/html/index.en.html,2700,7,1,0.75,8,0,0,"{""resilient"": 2, ""strong"": 5, ""support"": 1}",1.0213cd75
Fed,2026-02-23,Christopher J. Waller,Labor Market Data: Signal or Noise?,https://www.federalreserve.gov/newsevents/speech/waller20260223a.htm,2884,18,43,-0.41,41,30,1,"{""cut"": 4, ""cuts"": 2, ""downside risks"": 2, ""downward"": 3, ""easing"": 1, ""elevated inflation"": 1, ""firm"": 3, ""higher inflation"": 1, ""recession"": 4, ""resilient"": 1, ""robust"": 1, ""slowed"": 2, ""softening"": 1, ""solid"": 7, ""strong"": 3, ""support"": 4, ""uncertainty"": 1}",1.0213cd75
BCE,2026-02-23,Christine Lagarde,Turning size into scale: Europe’s new growth model,https://www.ecb.europa.eu/press/key/date/html/index.en.html,3382,8,16,-0.333,17,8,1,"{""asset purchase programme"": 1, ""cut"": 1, ""ease"": 1, ""firm"": 2, ""raise"": 1, ""recession"": 1, ""slowed"": 1, ""slowing"": 1, ""solid"": 1, ""strong"": 2, ""support"": 2, ""tightening"": 1, ""uncertainty"": 2}",1.0213cd75
Fed,2026-02-24,Lisa D. Cook,Opening Remarks for the “AI and Productivity across the Economy” Panel,https://www.federalreserve.gov/newsevents/speech/cook20260224a.htm,1334,4,2,0.333,5,7,1,"{""raise"": 2, ""strong"": 2, ""subdued"": 1}",1.0213cd75
Fed,2026-02-24,Christopher J. Waller,Operationalizing AI at the Federal Reserve,https://www.federalreserve.gov/newsevents/speech/waller20260224a.htm,2684,3,6,-0.333,7,3,1,"{""cut"": 1, ""eases"": 1, ""solid"": 1, ""strong"": 2, ""support"": 2}",1.0213cd75
BoJ,2026-02-26,Hajime Takata,"""Economic Activity, Prices, and Monetary Policy in Japan"" (Speech at a Meeting with Local Leaders in Kyoto)",https://www.boj.or.jp/en/about/press/koen_2026/ko260226a.htm,7436,53,130,-0.421,101,54,1,"{""accommodation"": 5, ""accommodative"": 5, ""contraction"": 1, ""cut"": 5, ""cuts"": 2, ""deterioration"": 3, ""downward"": 2, ""easing"": 1, ""firm"": 1, ""gradual"": 1, ""hike"": 5, ""hikes"": 10, ""lower interest rates"": 2, ""monetary easing"": 19, ""negative interest rate"": 1, ""normalization"": 3, ""patient"": 2, ""raise"": 4, ""raising"": 1, ""rate cut"": 1, ""rate cuts"": 4, ""recession"": 1, ""resilient"": 4, ""robust"": 1, ""slowdown"": 5, ""sluggish"": 1, ""solid"": 1, ""stimulus"": 1, ""strong"": 2, ""support"": 2, ""supportive"": 1, ""tightening"": 1, ""uncertainty"": 1, ""weakening"": 1, ""weaker"": 1}",1.0213cd75
BCE,2026-02-26,Christine Lagarde,Hearing of the Committee on Economic and Monetary Affairs of the European Parliament,https://www.ecb.europa.eu/press/key/date/html/index.en.html,1961,3,9,-0.5,9,81,1,"{""eased"": 2, ""moderate"": 1, ""raise"": 1, ""resilient"": 2, ""uncertainty"": 2, ""weaker"": 1}",1.0213cd75
BoJ,2026-03-02,Ryozo Himino,"""Japan's Economy and Monetary Policy"" (Speech at a Meeting with Local Leaders in Wakayama)",https://www.boj.or.jp/en/about/press/koen_2026/ko260302a.htm,6377,52,50,0.02,58,91,1,"{""accommodation"": 1, ""accommodative"": 10, ""continue to raise"": 1, ""cut"": 1, ""downward"": 4, ""ease"": 2, ""easing"": 1, ""gradual"": 1, ""highly accommodative"": 1, ""hike"": 2, ""hikes"": 5, ""moderate"": 2, ""monetary easing"": 1, ""overheating"": 4, ""premature"": 3, ""raise"": 3, ""raising"": 2, ""slowdown"": 1, ""solid"": 1, ""strong"": 3, ""tighten"": 1, ""tightening"": 4, ""upward pressure"": 2, ""weaker"": 1, ""well below"": 1}",1.0213cd75
Fed,2026-03-03,Michelle W. Bowman,"Liquidity Resiliency, Financial Stability, and the Role of the Federal Reserve",https://www.federalreserve.gov/newsevents/speech/bowman20260303a.htm,1308,5,3,0.25,8,1,0,"{""resilient"": 2, ""strong"": 3, ""support"": 1, ""uncertainty"": 2}",1.0213cd75
BoJ,2026-03-03,Kazuo Ueda,"""The New Financial Ecosystem and the Role of Central Banks"" (Remarks at the FIN/SUM 2026)",https://www.boj.or.jp/en/about/press/koen_2026/ko260303a.htm,2733,1,3,-0.5,4,13,1,"{""determined"": 1, ""support"": 3}",1.0213cd75
BCE,2026-03-05,Christine Lagarde,"Technology, fragmentation and the new uncertainty",https://www.ecb.europa.eu/press/key/date/html/index.en.html,3318,6,21,-0.556,25,2,0,"{""cut"": 1, ""raise"": 2, ""recession"": 1, ""resilient"": 1, ""robust"": 3, ""support"": 1, ""uncertain"": 2, ""uncertainty"": 14}",1.0213cd75
BCE,2026-03-06,Isabel Schnabel,Navigating inflation and employment in an era of supply shocks and AI,https://www.ecb.europa.eu/press/key/date/html/index.en.html,4604,45,44,0.011,56,101,1,"{""above target"": 1, ""accommodative"": 3, ""disinflation"": 1, ""disinflationary"": 2, ""downward"": 1, ""ease"": 3, ""easing"": 1, ""elevated inflation"": 1, ""firm"": 3, ""gradual"": 2, ""higher inflation"": 1, ""inflationary pressures"": 1, ""moderate"": 1, ""moderating"": 1, ""price pressures"": 1, ""raise"": 2, ""restrictive"": 1, ""robust"": 2, ""slowdown"": 1, ""slowing"": 1, ""stimulus"": 2, ""strong"": 3, ""subdued"": 1, ""support"": 2, ""tight labour market"": 1, ""tighten"": 4, ""tightening"": 3, ""uncertain"": 1, ""uncertainty"": 3, ""upside risks"": 2, ""upward pressure"": 1, ""vigilant"": 1, ""weaker"": 2}",1.0213cd75
BCE,2026-03-09,Frank Elderson,"Nature in decline, economy on the line: the importance of international cooperation for managing nature-related risks",https://www.ecb.europa.eu/press/key/date/html/index.en.html,2341,4,3,0.143,6,8,1,"{""persistent inflation"": 1, ""raise"": 1, ""resilient"": 1, ""support"": 3}",1.0213cd75
Fed,2026-03-12,Michelle W. Bowman,Capital Rules for the Real Economy,https://www.federalreserve.gov/newsevents/speech/bowman20260312a.htm,2444,6,2,0.5,8,2,0,"{""firm"": 1, ""robust"": 4, ""strong"": 1, ""support"": 2}",1.0213cd75
Fed,2026-03-21,Jerome H. Powell,Acceptance Remarks,https://www.federalreserve.gov/newsevents/speech/powell20260321a.htm,497,1,2,-0.333,2,4,0,"{""firm"": 1, ""recession"": 1}",1.0213cd75
BCE,2026-03-23,Philip R. Lane,AI and the euro area economy,https://www.ecb.europa.eu/press/key/date/html/index.en.html,14238,35,43,-0.103,65,32,1,"{""asset purchases"": 1, ""downward"": 2, ""ease"": 1, ""firm"": 18, ""moderating"": 1, ""price pressures"": 1, ""raise"": 2, ""raising"": 3, ""recession"": 2, ""resilient"": 1, ""slowed"": 1, ""sluggish"": 2, ""strong"": 4, ""support"": 6, ""tightening"": 1, ""uncertain"": 7, ""uncertainty"": 7, ""upward pressure"": 3, ""weaker"": 1, ""well below"": 1}",1.0213cd75
BCE,2026-03-23,Piero Cipollone,Building the rails for Europe’s tokenised financial markets,https://www.ecb.europa.eu/press/key/date/html/index.en.html,2248,0,2,-1.0,2,1,0,"{""support"": 2}",1.0213cd75
Fed,2026-03-24,Michael S. Barr,Developing Communities through Public-private Partnerships,https://www.federalreserve.gov/newsevents/speech/barr20260324a.htm,2883,6,16,-0.455,21,5,1,"{""cooling"": 1, ""ease"": 1, ""firm"": 1, ""moderate"": 2, ""raise"": 1, ""reinvestment"": 4, ""strong"": 4, ""support"": 7}",1.0213cd75
BCE,2026-03-24,Piero Cipollone,The digital euro: preparing for a potential launch,https://www.ecb.europa.eu/press/key/date/html/index.en.html,3253,0,10,-1.0,10,0,0,"{""support"": 9, ""uncertain"": 1}",1.0213cd75
BCE,2026-03-25,Christine Lagarde,Navigating energy shocks: risks and policy responses,https://www.ecb.europa.eu/press/key/date/html/index.en.html,2990,10,19,-0.31,21,60,1,"{""asset purchases"": 2, ""cut"": 1, ""highly accommodative"": 1, ""moderate"": 1, ""normalisation"": 1, ""raise"": 1, ""solid"": 1, ""strong"": 2, ""supportive"": 1, ""tightening"": 1, ""uncertainty"": 7, ""vigilance"": 1, ""weaker"": 1}",1.0213cd75
Fed,2026-03-26,Lisa D. Cook,Reflections on Financial Stability,https://www.federalreserve.gov/newsevents/speech/cook20260326a.htm,3676,11,6,0.294,11,3,1,"{""recession"": 1, ""strong"": 1, ""support"": 3, ""tighten"": 1, ""tightening"": 1, ""uncertain"": 1, ""vigilance"": 1, ""vigilant"": 2}",1.0213cd75
Fed,2026-03-26,Stephen I. Miran,Prospects for Shrinking the Fed’s Balance Sheet,https://www.federalreserve.gov/newsevents/speech/miran20260326a.htm,2402,4,6,-0.2,7,5,1,"{""asset purchases"": 1, ""balance sheet reduction"": 4, ""easing"": 1, ""quantitative easing"": 1}",1.0213cd75
Fed,2026-03-26,Michael S. Barr,Brief Remarks on the Economic Outlook and Monetary Policy,https://www.federalreserve.gov/newsevents/speech/barr20260326a.htm,1187,13,17,-0.133,20,22,1,"{""cut"": 1, ""disinflationary"": 1, ""downward"": 1, ""firm"": 1, ""inflation persistence"": 1, ""recession"": 1, ""resilient"": 2, ""slowdown"": 1, ""solid"": 1, ""strong"": 3, ""uncertainty"": 3, ""vigilance"": 1, ""vigilant"": 1, ""weakened"": 1, ""weakening"": 1}",1.0213cd75
Fed,2026-03-26,Philip N. Jefferson,Economic Outlook and Energy Effects,https://www.federalreserve.gov/newsevents/speech/jefferson20260326a.htm,2200,8,23,-0.484,22,27,1,"{""cooled"": 1, ""disinflation"": 1, ""disinflationary"": 1, ""downside risk"": 1, ""eased"": 1, ""lowered the target range"": 1, ""resilient"": 1, ""slowdown"": 1, ""slowed"": 1, ""solid"": 1, ""strong"": 2, ""support"": 2, ""uncertainty"": 6, ""upside risk"": 2}",1.0213cd75
BCE,2026-03-26,Luis de Guindos,Navigating turbulence: challenges for Europe and the path ahead,https://www.ecb.europa.eu/press/key/date/html/index.en.html,1971,5,12,-0.412,13,17,1,"{""downside risks"": 1, ""downward"": 1, ""higher inflation"": 1, ""robust"": 1, ""strong"": 1, ""uncertain"": 3, ""uncertainty"": 3, ""upside risks"": 1, ""weakening"": 1}",1.0213cd75
Fed,2026-03-31,Michelle W. Bowman,Supporting Small Businesses,https://www.federalreserve.gov/newsevents/speech/bowman20260331a.htm,1414,8,10,-0.111,14,2,0,"{""firm"": 1, ""lower interest rates"": 1, ""strong"": 1, ""support"": 7, ""tightened"": 1, ""tightening"": 2, ""uncertainty"": 1}",1.0213cd75
Fed,2026-03-31,Michael S. Barr,Brief Remarks on Stablecoins,https://www.federalreserve.gov/newsevents/speech/barr20260331a.htm,712,0,0,,0,0,0,{},1.0213cd75
BCE,2026-04-01,Piero Cipollone,The digital euro in a fragmenting world: ensuring Europe’s resilience and autonomy in payments,https://www.ecb.europa.eu/press/key/date/html/index.en.html,2369,4,2,0.333,5,1,0,"{""resilient"": 2, ""solid"": 1, ""strong"": 1, ""weaker"": 1}",1.0213cd75
Fed,2026-04-07,Philip N. Jefferson,Economic Outlook and the Labor Market,https://www.federalreserve.gov/newsevents/speech/jefferson20260407a.htm,2521,15,33,-0.375,34,24,1,"{""cooled"": 2, ""cooling"": 1, ""disinflationary"": 1, ""downside risk"": 1, ""eased"": 1, ""elevated inflation"": 1, ""gradual"": 1, ""highly attentive"": 1, ""inflation has eased"": 1, ""lowered the target range"": 1, ""moderate"": 1, ""resilient"": 1, ""slowdown"": 2, ""slowed"": 2, ""solid"": 1, ""strong"": 2, ""subdued"": 1, ""support"": 2, ""tightened"": 1, ""uncertainty"": 7, ""upside risk"": 2, ""upward pressure"": 1}",1.0213cd75
Fed,2026-04-14,Michael S. Barr,Rural Communities: Worth the Investment,https://www.federalreserve.gov/newsevents/speech/barr20260414a.htm,2981,3,12,-0.6,13,2,0,"{""raise"": 1, ""reinvestment"": 1, ""resilient"": 1, ""slowed"": 1, ""strong"": 1, ""support"": 5, ""uncertainty"": 2, ""weakening"": 1}",1.0213cd75
BCE,2026-04-15,Piero Cipollone,Sparking the transformation of finance: tokenisation and the role of central banks,https://www.ecb.europa.eu/press/key/date/html/index.en.html,2899,0,3,-1.0,3,3,0,"{""support"": 2, ""uncertain"": 1}",1.0213cd75
Fed,2026-04-17,Christopher J. Waller,One Transitory Shock After Another,https://www.federalreserve.gov/newsevents/speech/waller20260417a.htm,3448,10,28,-0.474,26,47,1,"{""cut"": 1, ""cuts"": 1, ""downward"": 1, ""higher inflation"": 2, ""raise"": 2, ""rate cuts"": 1, ""recession"": 1, ""slowdown"": 1, ""soft"": 1, ""softening"": 2, ""strong"": 1, ""support"": 3, ""tight labor market"": 1, ""uncertain"": 1, ""uncertainty"": 3, ""upward pressure"": 1, ""vigilant"": 1, ""weakening"": 1, ""weaker"": 1}",1.0213cd75
BCE,2026-04-17,Christine Lagarde,IMFC Statement,https://www.ecb.europa.eu/press/key/date/html/index.en.html,2030,14,35,-0.429,37,28,1,"{""determined"": 1, ""downside risk"": 1, ""downside risks"": 2, ""ease"": 1, ""eased"": 2, ""easing"": 1, ""inflationary pressures"": 1, ""moderate"": 1, ""resilient"": 1, ""robust"": 1, ""slowed"": 1, ""solid"": 3, ""strong"": 2, ""support"": 4, ""uncertain"": 3, ""uncertainty"": 9, ""upside risks"": 2, ""weaker"": 1}",1.0213cd75
BCE,2026-04-20,Christine Lagarde,The energy shock: where we stand and what we need to know,https://www.ecb.europa.eu/press/key/date/html/index.en.html,1759,11,18,-0.241,22,21,1,"{""cut"": 1, ""cuts"": 1, ""firm"": 1, ""higher inflation"": 1, ""moderate"": 1, ""normalisation"": 1, ""raise"": 1, ""strong"": 2, ""support"": 4, ""tighten"": 1, ""tightening"": 1, ""uncertain"": 2, ""uncertainty"": 3, ""weaker"": 2}",1.0213cd75
Fed,2026-04-21,Christopher J. Waller,Modernizing Federal Reserve Operations in the 21st Century,https://www.federalreserve.gov/newsevents/speech/waller20260421a.htm,3639,3,3,0.0,6,8,1,"{""gradual"": 2, ""strong"": 1, ""support"": 3}",1.0213cd75
BCE,2026-04-22,Philip R. Lane,Expanding the supply of euro safe assets,https://www.ecb.europa.eu/press/key/date/html/index.en.html,2258,3,3,0.0,6,1,0,"{""resilient"": 1, ""robust"": 1, ""strong"": 1, ""support"": 2, ""uncertainty"": 1}",1.0213cd75
Fed,2026-05-01,Michelle W. Bowman,Artificial Intelligence in the Financial System,https://www.federalreserve.gov/newsevents/speech/bowman20260501a.htm,1623,0,5,-1.0,5,0,0,"{""support"": 5}",1.0213cd75
BCE,2026-05-04,Luis de Guindos,Presentation of the ECB Annual Report 2025 to the Committee on Economic and Monetary Affairs of the European Parliament,https://www.ecb.europa.eu/press/key/date/html/index.en.html,1042,9,11,-0.1,17,13,1,"{""disinflation"": 1, ""gradual"": 1, ""moderate"": 1, ""moderating"": 1, ""normalisation"": 1, ""rate cuts"": 1, ""robust"": 2, ""strong"": 4, ""support"": 2, ""uncertain"": 1, ""uncertainty"": 2}",1.0213cd75
BCE,2026-05-04,Piero Cipollone,"Digital assets, payment efficiency and monetary policy",https://www.ecb.europa.eu/press/key/date/html/index.en.html,1849,0,2,-1.0,2,12,0,"{""support"": 1, ""uncertain"": 1}",1.0213cd75
Fed,2026-05-05,Michelle W. Bowman,A Coordinated Approach to Consumer Fraud Protection,https://www.federalreserve.gov/newsevents/speech/bowman20260505a.htm,1968,3,2,0.2,4,0,0,"{""cuts"": 1, ""raising"": 1, ""robust"": 1, ""strong"": 1}",1.0213cd75
BCE,2026-05-05,Philip R. Lane,Climate change and monetary policy,https://www.ecb.europa.eu/press/key/date/html/index.en.html,15222,30,65,-0.368,68,186,1,"{""asset purchase programme"": 1, ""asset purchases"": 2, ""cuts"": 2, ""deterioration"": 2, ""determined"": 1, ""disinflationary"": 1, ""downward"": 1, ""ease"": 2, ""easing"": 4, ""firm"": 1, ""gradual"": 2, ""inflationary pressures"": 2, ""lower inflation"": 1, ""moderate"": 4, ""raise"": 2, ""raising"": 1, ""resilient"": 1, ""robust"": 2, ""slowdown"": 1, ""strong"": 1, ""support"": 7, ""supportive"": 2, ""tighten"": 1, ""tightening"": 5, ""tighter monetary policy"": 1, ""uncertain"": 5, ""uncertainty"": 10, ""upward pressure"": 1, ""weakening"": 1, ""weaker"": 1}",1.0213cd75
BCE,2026-05-05,Christine Lagarde,"Climate, nature and monetary policy",https://www.ecb.europa.eu/press/key/date/html/index.en.html,1772,1,6,-0.714,5,20,1,"{""cut"": 1, ""downward"": 1, ""uncertain"": 1, ""uncertainty"": 1, ""upward pressure"": 1}",1.0213cd75
BCE,2026-05-06,Piero Cipollone,The new energy shock: economic scenarios and policy implications,https://www.ecb.europa.eu/press/key/date/html/index.en.html,4540,19,26,-0.156,34,46,1,"{""contraction"": 2, ""cooling"": 1, ""cut"": 1, ""disinflation"": 1, ""downside risks"": 1, ""firm"": 1, ""further tightening"": 1, ""price pressures"": 1, ""resilient"": 4, ""robust"": 2, ""solid"": 1, ""strong"": 1, ""support"": 4, ""tightened"": 1, ""tightening"": 1, ""uncertain"": 2, ""uncertainty"": 7, ""upside risks"": 1, ""weaker"": 1}",1.0213cd75
BCE,2026-05-07,Isabel Schnabel,The quiet erosion of central bank independence,https://www.ecb.europa.eu/press/key/date/html/index.en.html,5409,47,49,-0.021,56,79,1,"{""above target"": 1, ""accommodation"": 2, ""asset purchases"": 9, ""cut"": 1, ""cuts"": 1, ""determined"": 1, ""disinflation"": 3, ""eased"": 1, ""easing"": 1, ""higher inflation"": 2, ""inflation persistence"": 1, ""persistent inflation"": 1, ""raise"": 2, ""raise interest rates"": 1, ""raising"": 3, ""recession"": 2, ""robust"": 1, ""soft"": 1, ""solid"": 2, ""stimulus"": 1, ""strong"": 1, ""support"": 1, ""tighten"": 4, ""tightening"": 10, ""uncertainty"": 1, ""weakening"": 2}",1.0213cd75
BCE,2026-05-07,Luis de Guindos,Deepening financial integration to support Europe’s prosperity,https://www.ecb.europa.eu/press/key/date/html/index.en.html,1457,10,8,0.111,18,0,0,"{""resilient"": 6, ""robust"": 4, ""support"": 6, ""uncertainty"": 2}",1.0213cd75
Fed,2026-05-08,Christopher J. Waller,Update On Federal Reserve Bank Operations,https://www.federalreserve.gov/newsevents/speech/waller20260508a.htm,1327,0,1,-1.0,1,5,0,"{""support"": 1}",1.0213cd75
Fed,2026-05-08,Michelle W. Bowman,When Regulation Reshapes Markets: The Migration of Corporate Lending,https://www.federalreserve.gov/newsevents/speech/bowman20260508a.htm,2101,2,0,1.0,2,3,0,"{""raise"": 1, ""strong"": 1}",1.0213cd75
Fed,2026-05-08,Lisa D. Cook,Perspectives on Tokenization and Implications for the Financial System,https://www.federalreserve.gov/newsevents/speech/cook20260508a.htm,3708,2,5,-0.429,7,2,0,"{""raise"": 2, ""support"": 5}",1.0213cd75
BCE,2026-05-08,Christine Lagarde,Stablecoins and the future of money: separating functions from instruments,https://www.ecb.europa.eu/press/key/date/html/index.en.html,3137,1,15,-0.875,9,3,1,"{""contraction"": 1, ""deterioration"": 1, ""ease"": 2, ""easing"": 1, ""strong"": 1, ""wait"": 1, ""weakening"": 1, ""weaker"": 1}",1.0213cd75
BCE,2026-05-12,Frank Elderson,Boosting prosperity through deeper integration,https://www.ecb.europa.eu/press/key/date/html/index.en.html,2681,3,7,-0.4,9,1,0,"{""cut"": 1, ""determined"": 1, ""resilient"": 1, ""strong"": 1, ""support"": 4, ""uncertainty"": 1}",1.0213cd75
BCE,2026-05-13,Christine Lagarde,The courage to build a Europe that endures,https://www.ecb.europa.eu/press/key/date/html/index.en.html,1389,1,1,0.0,2,0,0,"{""strong"": 1, ""uncertain"": 1}",1.0213cd75
BCE,2026-05-13,Philip R. Lane,Analytical perspectives on energy supply shocks,https://www.ecb.europa.eu/press/key/date/html/index.en.html,4940,22,24,-0.043,32,89,1,"{""above target"": 1, ""deterioration"": 2, ""downward"": 1, ""easing"": 1, ""elevated inflation"": 1, ""firm"": 2, ""inflationary pressures"": 2, ""price pressures"": 1, ""raise"": 1, ""solid"": 1, ""strong"": 1, ""subdued"": 1, ""supportive"": 1, ""tightening"": 2, ""uncertain"": 1, ""uncertainty"": 7, ""upward pressure"": 2, ""wage pressures"": 1, ""wait"": 1, ""weakened"": 1, ""weaker"": 1}",1.0213cd75
Fed,2026-05-14,Michael S. Barr,Efficient and Effective Central Banking: Beyond the Balance Sheet,https://www.federalreserve.gov/newsevents/speech/barr20260514a.htm,4585,8,16,-0.333,15,24,1,"{""accommodation"": 1, ""downward"": 2, ""ease"": 1, ""gradual"": 1, ""normalization"": 2, ""quantitative easing"": 1, ""raise"": 2, ""raising"": 1, ""reduce interest rates"": 1, ""slowing"": 1, ""support"": 2}",1.0213cd75
Fed,2026-05-14,Michelle W. Bowman,Opening Remarks,https://www.federalreserve.gov/newsevents/speech/bowman20260514a.htm,1550,4,2,0.333,6,0,0,"{""determined"": 1, ""resilient"": 1, ""robust"": 2, ""support"": 2}",1.0213cd75
BoJ,2026-05-14,Kazushige Kamiyama,"""Promoting the Evolution and Stability of Japan's Financial System"" (Remarks at the AIMA Japan Annual Forum 2026)",https://www.boj.or.jp/en/about/press/koen_2026/ko260515a.htm,2201,2,1,0.333,2,12,0,"{""support"": 1, ""tightening"": 1}",1.0213cd75
BoJ,2026-05-14,Kazuyuki Masu,"""Economic Activity, Prices, and Monetary Policy in Japan"" (Speech at a Meeting Held by the Kagoshima Keizai Doyukai)",https://www.boj.or.jp/en/about/press/koen_2026/ko260514a.htm,7038,56,24,0.4,50,84,1,"{""accommodation"": 1, ""accommodative"": 2, ""continue to raise"": 1, ""cut"": 2, ""deterioration"": 1, ""firm"": 4, ""gradual"": 1, ""higher inflation"": 1, ""hike"": 1, ""hikes"": 12, ""moderate"": 2, ""monetary easing"": 3, ""negative interest rate"": 1, ""normalization"": 2, ""raise"": 6, ""raise the policy rate"": 1, ""raising"": 3, ""slowdown"": 1, ""solid"": 3, ""tightened"": 2}",1.0213cd75
BoJ,2026-05-16,Ryozo Himino,"""Singleness of Money and the Role of Central Banks"" (Speech at the Japan Society of Monetary Economics)",https://www.boj.or.jp/en/about/press/koen_2026/ko260516a.htm,4992,2,0,1.0,2,16,0,"{""firm"": 2}",1.0213cd75
Fed,2026-05-20,Michael S. Barr,Measuring Financial Health,https://www.federalreserve.gov/newsevents/speech/barr20260520a.htm,2446,2,2,0.0,4,0,0,"{""robust"": 1, ""strong"": 1, ""support"": 2}",1.0213cd75
BoJ,2026-05-21,Junko Koeda,"""Economic Activity, Prices, and Monetary Policy in Japan"" (Speech at a Meeting with Local Leaders in Fukuoka)",https://www.boj.or.jp/en/about/press/koen_2026/ko260521a.htm,4845,41,21,0.323,38,35,1,"{""accommodation"": 2, ""accommodative"": 2, ""continue to raise"": 1, ""deteriorated"": 1, ""deterioration"": 2, ""downward"": 1, ""easing"": 1, ""higher inflation"": 1, ""hike"": 1, ""hikes"": 6, ""moderate"": 1, ""normalization"": 5, ""raise"": 2, ""robust"": 1, ""solid"": 3, ""strong"": 6, ""tight labor market"": 1, ""weakening"": 1}",1.0213cd75
Fed,2026-05-22,Christopher J. Waller,Policy Risks Have Changed,https://www.federalreserve.gov/newsevents/speech/waller20260522a.htm,3320,30,33,-0.048,38,74,1,"{""cut"": 1, ""deterioration"": 2, ""determined"": 1, ""easing"": 2, ""hike"": 1, ""hikes"": 2, ""patient"": 1, ""persistent inflation"": 1, ""premature"": 1, ""raise"": 1, ""raise interest rates"": 1, ""raising"": 1, ""raising the policy rate"": 1, ""rate cut"": 1, ""rate cuts"": 3, ""rate increase"": 1, ""rate increases"": 1, ""recession"": 1, ""resilient"": 1, ""restrictive"": 2, ""slowing"": 1, ""solid"": 2, ""support"": 5, ""tightening"": 1, ""uncertain"": 1, ""uncertainty"": 1, ""weakening"": 1}",1.0213cd75
BCE,2026-05-22,Philip R. Lane,Europe and the world economy,https://www.ecb.europa.eu/press/key/date/html/index.en.html,13668,41,54,-0.137,65,95,1,"{""decline in inflation"": 1, ""deteriorated"": 2, ""deterioration"": 4, ""downward"": 1, ""ease"": 1, ""gradual"": 1, ""higher inflation"": 1, ""inflationary pressures"": 4, ""lower inflation"": 2, ""moderating"": 1, ""normalisation"": 1, ""price pressures"": 1, ""raise"": 7, ""raising"": 1, ""resilient"": 2, ""robust"": 1, ""softened"": 1, ""strong"": 5, ""subdued"": 1, ""support"": 4, ""tighten"": 1, ""tightening"": 4, ""uncertainty"": 8, ""upward pressure"": 1, ""weakened"": 1, ""weakening"": 2, ""weaker"": 6}",1.0213cd75
Fed,2026-05-27,Philip N. Jefferson,Global Economic Developments and the U.S. Economy,https://www.federalreserve.gov/newsevents/speech/jefferson20260527a.htm,580,3,4,-0.143,4,8,1,"{""disinflation"": 1, ""downside risks"": 1, ""solid"": 1, ""upside risks"": 1}",1.0213cd75
Fed,2026-05-27,Lisa D. Cook,The Opportunities and Risks AI Presents for the Economy and Financial System,https://www.federalreserve.gov/newsevents/speech/cook20260527a.htm,3819,15,21,-0.167,28,14,1,"{""disinflation"": 2, ""downside risks"": 1, ""downward"": 2, ""elevated inflation"": 1, ""firm"": 1, ""higher inflation"": 1, ""highly attentive"": 1, ""raise"": 2, ""raising"": 2, ""resilient"": 3, ""robust"": 1, ""softening"": 2, ""strong"": 2, ""support"": 4, ""uncertain"": 1, ""uncertainty"": 2}",1.0213cd75
BoJ,2026-05-27,Kazuo Ueda,"Opening Remarks at the 2026 BOJ-IMES Conference Hosted by the Institute for Monetary and Economic Studies, Bank of Japan",https://www.boj.or.jp/en/about/press/koen_2026/ko260527a.htm,2303,22,13,0.257,20,47,1,"{""deterioration"": 1, ""inflationary pressures"": 1, ""moderate"": 1, ""overheating"": 1, ""persistent inflation"": 1, ""quantitative easing"": 1, ""raise"": 3, ""raised the policy rate"": 1, ""raising"": 1, ""recession"": 1, ""slowed"": 1, ""tighten"": 1, ""tightening"": 3, ""tighter monetary policy"": 1, ""weakened"": 1, ""weaker"": 1}",1.0213cd75
BCE,2026-05-28,Piero Cipollone,Money in the digital age,https://www.ecb.europa.eu/press/key/date/html/index.en.html,2399,1,6,-0.714,6,3,1,"{""cut"": 1, ""strong"": 1, ""support"": 2, ""uncertainty"": 1, ""wait"": 1}",1.0213cd75
BCE,2026-05-28,Christine Lagarde,When It Matters Most: Upholding Independence in Challenging Times,https://www.ecb.europa.eu/press/key/date/html/index.en.html,1961,11,3,0.571,8,23,1,"{""deteriorated"": 1, ""persistent inflation"": 1, ""robust"": 1, ""support"": 1, ""tightened"": 2, ""tightening"": 1, ""vigilance"": 1}",1.0213cd75
Fed,2026-05-29,Michelle W. Bowman,A Framework for Practical Monetary Policy Decision Making,https://www.federalreserve.gov/newsevents/speech/bowman20260529a.htm,4609,70,76,-0.041,89,100,1,"{""above target"": 1, ""accommodation"": 3, ""accommodative"": 8, ""below target"": 1, ""cut"": 3, ""cut the policy rate"": 1, ""deterioration"": 1, ""downward"": 3, ""ease"": 1, ""elevated inflation"": 2, ""increase the target range"": 1, ""inflationary pressures"": 3, ""lower inflation"": 2, ""lower interest rates"": 2, ""moderate"": 2, ""price pressures"": 1, ""raise"": 3, ""raise the policy rate"": 1, ""raising"": 1, ""raising the policy rate"": 3, ""rate cuts"": 1, ""rate increases"": 1, ""resilient"": 1, ""restrictive"": 10, ""slowed"": 1, ""slowing"": 1, ""softening"": 1, ""solid"": 1, ""stimulus"": 1, ""strong"": 9, ""sufficiently restrictive"": 1, ""support"": 7, ""supportive"": 1, ""tight labor market"": 2, ""tighten"": 1, ""uncertainty"": 2, ""upward pressure"": 2, ""weakened"": 1, ""weakening"": 2}",1.0213cd75
BoJ,2026-05-29,Kazushige Kamiyama,"""Stepping into the Future: Shaping the Evolution of Japan's Payment and Settlement Systems""(Opening Remarks at the 11th Meeting of the Liaison and Coordination Committee on Central Bank Digital Currency)",https://www.boj.or.jp/en/about/press/koen_2026/ko260611a.htm,2054,1,2,-0.333,3,12,0,"{""robust"": 1, ""support"": 2}",1.0213cd75
Fed,2026-05-31,Jerome H. Powell,Acceptance Remarks,https://www.federalreserve.gov/newsevents/speech/powell20260531a.htm,1244,1,5,-0.667,5,4,1,"{""patience"": 1, ""strong"": 1, ""support"": 2, ""uncertainty"": 1}",1.0213cd75
BCE,2026-06-01,Isabel Schnabel,From money market funds to stablecoins: lessons for central banks,https://www.ecb.europa.eu/press/key/date/html/index.en.html,5354,18,14,0.125,22,29,1,"{""cut"": 1, ""easing"": 2, ""gradual"": 1, ""higher inflation"": 1, ""moderated"": 1, ""raise"": 2, ""raising"": 1, ""resilient"": 1, ""strong"": 2, ""tighten"": 3, ""tightening"": 2, ""uncertain"": 1, ""uncertainty"": 2, ""weakening"": 1, ""weaker"": 1}",1.0213cd75
BCE,2026-06-02,Boris Vujčić,A European perspective on currency and convergence,https://www.ecb.europa.eu/press/key/date/html/index.en.html,2029,9,11,-0.1,19,3,1,"{""determined"": 1, ""gradual"": 1, ""resilient"": 1, ""robust"": 3, ""strong"": 3, ""support"": 6, ""uncertain"": 1, ""uncertainty"": 2, ""weakened"": 1}",1.0213cd75
BoJ,2026-06-03,Kazuo Ueda,"""Economic Activity and Prices, and Monetary Policy in Japan"" (Speech at the Kisaragi-kai Meeting in Tokyo)",https://www.boj.or.jp/en/about/press/koen_2026/ko260603a.htm,5813,36,63,-0.273,57,64,1,"{""accommodation"": 2, ""accommodative"": 7, ""continue to raise"": 2, ""cut"": 1, ""deterioration"": 4, ""downside risks"": 4, ""downward"": 5, ""ease"": 2, ""hike"": 1, ""hikes"": 5, ""moderate"": 1, ""monetary easing"": 2, ""raise"": 1, ""raising"": 2, ""resilient"": 3, ""slowdown"": 2, ""strong"": 2, ""support"": 4, ""upside risks"": 4, ""upward pressure"": 2, ""vigilant"": 1}",1.0213cd75
BCE,2026-06-03,Piero Cipollone,Europe’s money evolves so people’s freedom to pay remains,https://www.ecb.europa.eu/press/key/date/html/index.en.html,1477,1,4,-0.6,5,0,0,"{""strong"": 1, ""support"": 4}",1.0213cd75
BCE,2026-06-03,Frank Elderson,Strengthening operational resilience for the age of AI,https://www.ecb.europa.eu/press/key/date/html/index.en.html,3130,11,5,0.375,16,0,0,"{""determined"": 2, ""firm"": 1, ""resilient"": 3, ""robust"": 1, ""strong"": 4, ""support"": 3, ""uncertainty"": 1, ""wait"": 1}",1.0213cd75
BCE,2026-06-04,Christine Lagarde,Women and leadership: widening the pipeline,https://www.ecb.europa.eu/press/key/date/html/index.en.html,2417,1,2,-0.333,2,0,0,"{""patient"": 1, ""raise"": 1}",1.0213cd75
Fed,2026-06-06,Michael S. Barr,Deregulating in a Financial Boom: What Could Go Wrong?,https://www.federalreserve.gov/newsevents/speech/barr20260606a.htm,4217,14,33,-0.404,31,2,0,"{""firm"": 1, ""recession"": 3, ""resilient"": 2, ""robust"": 4, ""solid"": 1, ""strong"": 4, ""support"": 3, ""too high"": 1, ""weakened"": 2, ""weakening"": 5, ""weaker"": 5}",1.0213cd75
BCE,2026-06-15,Christine Lagarde,Money in transition,https://www.ecb.europa.eu/press/key/date/html/index.en.html,1235,0,0,,0,0,0,{},1.0213cd75
BCE,2026-06-19,Frank Elderson,Fireside chat,https://www.ecb.europa.eu/press/key/date/html/index.en.html,3490,8,4,0.333,10,0,0,"{""additional increases"": 1, ""cut"": 1, ""determined"": 1, ""raising"": 1, ""resilient"": 1, ""solid"": 1, ""strong"": 2, ""support"": 2}",1.0213cd75
BCE,2026-06-19,Piero Cipollone,The foundations of national sovereignty: the role of central bank money,https://www.ecb.europa.eu/press/key/date/html/index.en.html,2623,2,0,1.0,2,0,0,"{""gradual"": 1, ""strong"": 1}",1.0213cd75
Fed,2026-06-22,Christopher J. Waller,Welcoming Remarks on the International Role of the U.S. Dollar,https://www.federalreserve.gov/newsevents/speech/waller20260622a.htm,739,0,0,,0,0,0,{},1.0213cd75
BCE,2026-06-22,Christine Lagarde,Hearing of the Committee on Economic and Monetary Affairs of the European Parliament,https://www.ecb.europa.eu/press/key/date/html/index.en.html,1943,14,17,-0.097,23,46,1,"{""downside risks"": 1, ""highly accommodative"": 2, ""hike"": 1, ""raise"": 2, ""raise the three key"": 1, ""robust"": 1, ""slowdown"": 1, ""solid"": 2, ""strong"": 3, ""support"": 1, ""uncertain"": 2, ""uncertainty"": 4, ""upside risks"": 1, ""weaker"": 1}",1.0213cd75
BCE,2026-06-23,Philip R. Lane,Introductory remarks,https://www.ecb.europa.eu/press/key/date/html/index.en.html,1226,14,21,-0.2,25,37,1,"{""above target"": 3, ""below target"": 1, ""contraction"": 1, ""cooled"": 1, ""eased"": 1, ""hike"": 1, ""inflationary pressures"": 1, ""rate increase"": 1, ""resilient"": 2, ""robust"": 1, ""solid"": 2, ""support"": 3, ""uncertainty"": 3, ""weakening"": 1, ""weaker"": 3}",1.0213cd75
Fed,2026-06-24,Lisa D. Cook,Welcome Remarks,https://www.federalreserve.gov/newsevents/speech/cook20260624a.htm,913,0,0,,0,1,0,{},1.0213cd75
BoJ,2026-06-25,Naoki Tamura,"""Economic Activity, Prices, and Monetary Policy in Japan"" (Speech at a Meeting with Local Leaders in Hyogo)",https://www.boj.or.jp/en/about/press/koen_2026/ko260625a.htm,5318,49,51,-0.02,60,59,1,"{""accommodative"": 4, ""deterioration"": 4, ""determined"": 1, ""disinflationary"": 3, ""downward"": 4, ""ease"": 1, ""easing"": 2, ""hikes"": 6, ""monetary easing"": 1, ""normalization"": 2, ""premature"": 1, ""raise"": 3, ""raising"": 3, ""restrictive"": 1, ""slowdown"": 1, ""softening"": 1, ""solid"": 2, ""strong"": 1, ""support"": 3, ""tightening"": 1, ""uncertainty"": 4, ""upside risks"": 7, ""upward pressure"": 1, ""wait"": 2, ""will raise"": 1}",1.0213cd75
BCE,2026-06-29,Christine Lagarde,Back to basics in an uncertain environment,https://www.ecb.europa.eu/press/key/date/html/index.en.html,2815,23,22,0.022,32,45,1,"{""above target"": 1, ""asset purchase programme"": 1, ""asset purchases"": 1, ""cut"": 1, ""easing"": 1, ""hike"": 1, ""inflationary pressures"": 1, ""raise"": 1, ""raising"": 2, ""rate increase"": 2, ""resilient"": 2, ""robust"": 3, ""support"": 2, ""tightening"": 3, ""uncertain"": 1, ""uncertainty"": 5, ""wait"": 2, ""weakened"": 1, ""weakening"": 1}",1.0213cd75
BCE,2026-07-02,Frank Elderson,The green transition – benefits and barriers,https://www.ecb.europa.eu/press/key/date/html/index.en.html,5378,22,23,-0.022,30,36,1,"{""cut"": 1, ""ease"": 1, ""easing"": 1, ""firm"": 1, ""higher inflation"": 1, ""inflationary pressures"": 5, ""premature"": 1, ""slowed"": 1, ""support"": 4, ""tightening"": 3, ""too high"": 1, ""uncertainty"": 9, ""weakening"": 1}",1.0213cd75
Fed,2026-07-06,Christopher J. Waller,Two Thoughts on the Transmission of Monetary Policy,https://www.federalreserve.gov/newsevents/speech/waller20260706a.htm,1299,19,4,0.652,13,20,1,"{""rate increases"": 2, ""restrictive"": 1, ""soft"": 2, ""stimulus"": 1, ""strong"": 1, ""tighten"": 1, ""tightened"": 1, ""tightening"": 4}",1.0213cd75
BCE,2026-07-06,Philip R. Lane,AI and monetary policy,https://www.ecb.europa.eu/press/key/date/html/index.en.html,2255,7,12,-0.263,14,18,1,"{""downward"": 1, ""recession"": 2, ""resilient"": 1, ""sluggish"": 1, ""strong"": 1, ""tightening"": 1, ""uncertain"": 2, ""uncertainty"": 2, ""upward pressure"": 3}",1.0213cd75
Fed,2026-07-07,Michelle W. Bowman,Opening Remarks on Sound Practices for Artificial Intelligence,https://www.federalreserve.gov/newsevents/speech/bowman20260707a.htm,804,0,1,-1.0,1,0,0,"{""support"": 1}",1.0213cd75
Fed,2026-07-13,Christopher J. Waller,Monetary Policy at a Crossroads,https://www.federalreserve.gov/newsevents/speech/waller20260713a.htm,3041,41,23,0.281,41,93,1,"{""above target"": 2, ""cut"": 2, ""cuts"": 1, ""determined"": 2, ""downward"": 1, ""eases"": 1, ""hikes"": 4, ""inflation is too high"": 1, ""inflationary pressures"": 1, ""raise"": 2, ""raising"": 1, ""raising the policy rate"": 1, ""recession"": 3, ""resilient"": 1, ""soft"": 2, ""solid"": 4, ""strong"": 2, ""support"": 1, ""tight labor market"": 1, ""tighten"": 2, ""tightening"": 1, ""tighter monetary policy"": 2, ""upward pressure"": 1, ""weakening"": 2}",1.0213cd75
Fed,2026-07-13,Michelle W. Bowman,Modernizing Financial Regulation,https://www.federalreserve.gov/newsevents/speech/bowman20260713a.htm,1840,4,1,0.6,5,1,0,"{""raise"": 1, ""robust"": 2, ""strong"": 1, ""support"": 1}",1.0213cd75
Fed,2026-07-14,Michael S. Barr,Will Artificial Intelligence Broadly Raise Living Standards or Drive Income and Wealth Inequality?,https://www.federalreserve.gov/newsevents/speech/barr20260714a.htm,3562,6,3,0.333,9,0,0,"{""firm"": 1, ""raise"": 3, ""raising"": 1, ""strong"": 1, ""support"": 2, ""uncertainty"": 1}",1.0213cd75
Fed,2026-07-14,Michelle W. Bowman,Responsible Innovation and Financial Inclusion,https://www.federalreserve.gov/newsevents/speech/bowman20260714a.htm,1033,1,4,-0.6,5,0,0,"{""moderate"": 1, ""strong"": 1, ""support"": 2, ""supportive"": 1}",1.0213cd75
Fed,2026-07-15,Lisa D. Cook,Economic Outlook,https://www.federalreserve.gov/newsevents/speech/cook20260715a.htm,1890,12,18,-0.2,19,40,1,"{""above target"": 1, ""disinflation"": 1, ""downward"": 3, ""elevated inflation"": 1, ""higher inflation"": 2, ""price pressures"": 1, ""resilient"": 2, ""slowing"": 1, ""solid"": 1, ""subdued"": 1, ""too high"": 1, ""uncertainty"": 2, ""weakening"": 1, ""well below"": 1}",1.0213cd75
Fed,2026-07-16,Philip N. Jefferson,Navigating Economic Shocks: A Monetary Policymaker’s Perspective,https://www.federalreserve.gov/newsevents/speech/jefferson20260716a.htm,2738,22,23,-0.022,29,52,1,"{""accommodative"": 1, ""below target"": 1, ""downside risks"": 1, ""downward"": 4, ""easing"": 1, ""firm"": 1, ""inflationary pressures"": 4, ""more restrictive"": 1, ""overheating"": 1, ""raise"": 2, ""raising"": 1, ""support"": 2, ""tightening"": 2, ""uncertain"": 2, ""uncertainty"": 3, ""upward pressure"": 2}",1.0213cd75
BCE,2026-07-17,Piero Cipollone,The cooperative spirit at the heart of the digital euro,https://www.ecb.europa.eu/press/key/date/html/index.en.html,3257,4,2,0.333,5,1,0,"{""firm"": 1, ""gradual"": 1, ""raise"": 1, ""strong"": 1, ""weakened"": 1}",1.0213cd75
Fed,2026-08-05,Lisa D. Cook,Outlook for the U.S. and Alaskan Economies,https://www.federalreserve.gov/newsevents/speech/cook20260805a.htm,2429,23,18,0.122,30,33,1,"{""above target"": 1, ""disinflation"": 2, ""disinflationary"": 1, ""ease"": 1, ""elevated inflation"": 1, ""higher inflation"": 1, ""inflation is too high"": 2, ""moderated"": 1, ""price pressures"": 1, ""raising"": 1, ""rate increase"": 2, ""resilient"": 4, ""slowed"": 1, ""soft"": 1, ""solid"": 4, ""support"": 1, ""uncertain"": 2, ""uncertainty"": 2, ""wait"": 1}",1.0213cd75
BCE,2026-08-19,Christine Lagarde,Panel remarks about the European economy during a discussion on the global economic outlook at the World Economic Forum,https://www.ecb.europa.eu/press/key/date/html/index.en.html,1483,3,3,0.0,5,0,0,"{""firm"": 2, ""raise"": 1, ""support"": 1, ""weakening"": 1}",1.0213cd75
BCE,2026-08-26,Piero Cipollone,From vision to delivery: building Europe’s tokenised financial market,https://www.ecb.europa.eu/press/key/date/html/index.en.html,3152,1,8,-0.778,9,1,0,"{""gradual"": 1, ""support"": 5, ""supportive"": 1, ""uncertain"": 1, ""wait"": 1}",1.0213cd75
BoJ,2026-08-27,Ryozo Himino,"""Japan's Economy and Monetary Policy"" (Speech at a Meeting with Local Leaders in Saitama)",https://www.boj.or.jp/en/about/press/koen_2026/ko260827a.htm,6260,56,40,0.167,57,71,1,"{""accommodation"": 4, ""accommodative"": 6, ""continue to raise"": 2, ""deterioration"": 1, ""determined"": 1, ""downward"": 5, ""ease"": 1, ""easing"": 1, ""gradual"": 1, ""hike"": 10, ""hikes"": 2, ""raise"": 2, ""raise the policy rate"": 1, ""raised the policy rate"": 2, ""raising"": 2, ""resilient"": 1, ""robust"": 1, ""solid"": 1, ""strong"": 2, ""support"": 3, ""tightening"": 1, ""too high"": 1, ""uncertainty"": 1, ""upside risk"": 1, ""upward pressure"": 3, ""will raise"": 1}",1.0213cd75
Fed,2026-08-28,Chairman Kevin Warsh,In Our Time,https://www.federalreserve.gov/newsevents/speech/warsh20260828a.htm,4415,23,9,0.438,22,43,1,"{""determined"": 1, ""elevated inflation"": 1, ""firm"": 1, ""hike"": 1, ""hikes"": 2, ""moderate"": 1, ""resilient"": 1, ""restrictive"": 1, ""robust"": 2, ""slowed"": 1, ""solid"": 1, ""strong"": 3, ""too high"": 2, ""uncertainty"": 2, ""well below"": 2}",1.0213cd75
BCE,2026-08-28,Isabel Schnabel,Central banks on-chain,https://www.ecb.europa.eu/press/key/date/html/index.en.html,4450,2,5,-0.429,6,11,1,"{""resilient"": 1, ""strong"": 1, ""support"": 3, ""weaker"": 1}",1.0213cd75
Fed,2026-09-01,Michael S. Barr,Unlocking Opportunities for Workers and Entrepreneurs with a Criminal Record,https://www.federalreserve.gov/newsevents/speech/barr20260901a.htm,3525,11,13,-0.083,20,7,1,"{""inflation above target"": 1, ""inflation remains elevated"": 1, ""inflation remains too high"": 1, ""moderating"": 2, ""price pressures"": 1, ""raise"": 1, ""resilient"": 1, ""strong"": 1, ""support"": 11}",1.0213cd75
BCE,2026-09-01,Boris Vujčić,"Listening to households: expectations, behaviour and monetary policy",https://www.ecb.europa.eu/press/key/date/html/index.en.html,2533,5,12,-0.412,15,47,1,"{""firm"": 1, ""higher inflation"": 1, ""strong"": 1, ""tightening"": 1, ""uncertain"": 1, ""uncertainty"": 9, ""weaker"": 1}",1.0213cd75
BoJ,2026-09-02,Hajime Takata,"""Economic Activity, Prices, and Monetary Policy in Japan"" (Speech at a Meeting with Local Leaders in Sapporo)",https://www.boj.or.jp/en/about/press/koen_2026/ko260902a.htm,8233,143,161,-0.059,163,48,1,"{""accommodation"": 2, ""accommodative"": 3, ""cut"": 5, ""cuts"": 2, ""deterioration"": 8, ""downward"": 6, ""easing"": 1, ""firm"": 1, ""gradual"": 2, ""hike"": 3, ""hikes"": 33, ""inflationary pressures"": 1, ""lower interest rates"": 1, ""moderate"": 2, ""monetary easing"": 18, ""negative interest rate"": 3, ""normalization"": 23, ""patient"": 1, ""raise"": 2, ""raising"": 4, ""rate cuts"": 12, ""recession"": 1, ""resilient"": 1, ""slowdown"": 10, ""sluggish"": 1, ""stimulus"": 2, ""strong"": 1, ""support"": 4, ""tightening"": 1, ""uncertainty"": 3, ""upside risks"": 4, ""upward pressure"": 2}",1.0213cd75
Fed,2026-09-03,Christopher J. Waller,The Economic Outlook and Some Comments on My Policy Communication,https://www.federalreserve.gov/newsevents/speech/waller20260903a.htm,2585,23,20,0.07,28,46,1,"{""asset purchases"": 1, ""disinflation"": 3, ""downward"": 1, ""easing"": 1, ""hike"": 1, ""hikes"": 1, ""patient"": 1, ""raise"": 1, ""raise the policy rate"": 2, ""raised the policy rate"": 1, ""rate increases"": 1, ""solid"": 4, ""strong"": 2, ""support"": 4, ""tighten"": 1, ""uncertainty"": 2, ""upside risks"": 1}",1.0213cd75
BCE,2026-09-08,Frank Elderson,Fireside chat,https://www.ecb.europa.eu/press/key/date/html/index.en.html,4908,15,8,0.304,21,0,0,"{""determined"": 2, ""ease"": 2, ""raise"": 1, ""raising"": 1, ""resilient"": 4, ""robust"": 2, ""strong"": 5, ""support"": 3, ""uncertain"": 1}",1.0213cd75
BCE,2026-09-09,Christine Lagarde,The choice facing Europeans,https://www.ecb.europa.eu/press/key/date/html/index.en.html,966,0,2,-1.0,1,0,0,"{""weakened"": 1}",1.0213cd75
BoJ,2026-09-10,Kazuyuki Masu,"""Economic Activity, Prices, and Monetary Policy in Japan"" (Speech at a Meeting with Local Leaders in Fukui)",https://www.boj.or.jp/en/about/press/koen_2026/ko260910a.htm,5116,58,23,0.432,46,61,1,"{""accommodation"": 3, ""accommodative"": 2, ""continue to raise"": 2, ""cut"": 1, ""deterioration"": 1, ""firm"": 1, ""hike"": 1, ""hikes"": 16, ""moderate"": 1, ""monetary easing"": 3, ""negative interest rate"": 1, ""normalization"": 1, ""overheating"": 1, ""raise"": 3, ""raising"": 4, ""strong"": 1, ""tightened"": 1, ""tightening"": 2, ""upward pressure"": 1}",1.0213cd75
BCE,2026-09-12,Christine Lagarde,Europe seen from Normandy,https://www.ecb.europa.eu/press/key/date/html/index.en.html,2082,3,1,0.5,4,2,0,"{""firm"": 1, ""higher inflation"": 1, ""strong"": 1, ""uncertain"": 1}",1.0213cd75
BCE,2026-09-14,Christine Lagarde,"A new age of capital: growth, sovereignty and AI",https://www.ecb.europa.eu/press/key/date/html/index.en.html,3127,5,12,-0.412,11,0,0,"{""cut"": 5, ""firm"": 4, ""raise"": 1, ""weaker"": 1}",1.0213cd75
BCE,2026-09-14,Piero Cipollone,"The future of euro cash: trusted today, designed for tomorrow",https://www.ecb.europa.eu/press/key/date/html/index.en.html,2011,2,1,0.333,3,1,0,"{""strong"": 2, ""uncertainty"": 1}",1.0213cd75
Fed,2026-09-18,Michelle W. Bowman,Initial Findings from Independent Review of Silicon Valley Bank,https://www.federalreserve.gov/newsevents/speech/bowman20260918b.htm,1152,1,2,-0.333,3,0,0,"{""resilient"": 1, ""support"": 1, ""uncertain"": 1}",1.0213cd75
Fed,2026-09-18,Michelle W. Bowman,The Final Chapter on Modernizing Bank Regulatory Stress Testing,https://www.federalreserve.gov/newsevents/speech/bowman20260918a.htm,2973,20,5,0.6,23,0,0,"{""firm"": 17, ""recession"": 2, ""resilient"": 2, ""robust"": 1, ""uncertainty"": 1}",1.0213cd75
Fed,2026-09-22,Philip N. Jefferson,Discount Window Modernization and Treasury Market Functioning,https://www.federalreserve.gov/newsevents/speech/jefferson20260922a.htm,2108,5,5,0.0,8,2,0,"{""ease"": 1, ""robust"": 2, ""support"": 3, ""tightening"": 1, ""upward pressure"": 1}",1.0213cd75
Fed,2026-09-23,Michael S. Barr,A Long-Term View on the Costs of Shelter,https://www.federalreserve.gov/newsevents/speech/barr20260923a.htm,3874,6,19,-0.52,20,15,1,"{""inflation has eased"": 1, ""moderate"": 3, ""price pressures"": 1, ""raise"": 1, ""recession"": 2, ""reinvestment"": 3, ""slowdown"": 1, ""solid"": 1, ""strong"": 2, ""support"": 5}",1.0213cd75
Fed,2026-09-28,Lisa D. Cook,An Update on AI and the Economy,https://www.federalreserve.gov/newsevents/speech/cook20260928a.htm,3300,17,14,0.097,20,33,1,"{""disinflation"": 2, ""disinflationary"": 1, ""downward"": 1, ""ease"": 1, ""easing"": 1, ""highly attentive"": 1, ""inflationary pressures"": 2, ""price pressures"": 1, ""raise"": 2, ""resilient"": 2, ""robust"": 1, ""too high"": 1, ""uncertain"": 1, ""uncertainty"": 1, ""upward pressure"": 1, ""vigilance"": 1}",1.0213cd75
BCE,2026-09-28,Christine Lagarde,Hearing of the Committee on Economic and Monetary Affairs of the European Parliament,https://www.ecb.europa.eu/press/key/date/html/index.en.html,2208,17,13,0.133,25,34,1,"{""cut"": 1, ""downside risks"": 1, ""higher inflation"": 1, ""inflationary pressures"": 1, ""moderate"": 1, ""raise"": 2, ""raise the three key"": 1, ""raising"": 1, ""resilient"": 2, ""robust"": 2, ""solid"": 1, ""strong"": 2, ""support"": 3, ""uncertain"": 3, ""uncertainty"": 2, ""upside risks"": 1}",1.0213cd75
Fed,2026-09-29,Michael S. Barr,Economic Conditions and Monetary Policy,https://www.federalreserve.gov/newsevents/speech/barr20260929a.htm,2684,19,13,0.188,28,28,1,"{""easing"": 1, ""gradual"": 1, ""higher inflation"": 1, ""inflation is too high"": 1, ""lower inflation"": 1, ""raise"": 2, ""raising"": 2, ""resilient"": 1, ""slowed"": 1, ""solid"": 4, ""strong"": 3, ""support"": 5, ""tightening"": 1, ""uncertainty"": 3, ""upward pressure"": 1}",1.0213cd75
Fed,2026-09-29,Christopher J. Waller,Payments in the Age of AI Agents,https://www.federalreserve.gov/newsevents/speech/waller20260928a.htm,2106,2,2,0.0,4,0,0,"{""raise"": 1, ""robust"": 1, ""support"": 2}",1.0213cd75
Fed,2026-09-29,Michelle W. Bowman,Opening Remarks,https://www.federalreserve.gov/newsevents/speech/bowman20260929a.htm,776,4,2,0.333,6,0,0,"{""robust"": 1, ""strong"": 3, ""support"": 2}",1.0213cd75
Fed,2026-09-30,Lisa D. Cook,The Dual Mandate in Rural America,https://www.federalreserve.gov/newsevents/speech/cook20260930a.htm,2738,5,3,0.25,7,8,1,"{""raise"": 1, ""strong"": 1, ""support"": 3, ""too high"": 1, ""upward pressure"": 1}",1.0213cd75
BCE,2026-09-30,Isabel Schnabel,Monetary policy in a world of overlapping shocks,https://www.ecb.europa.eu/press/key/date/html/index.en.html,3631,50,29,0.266,54,138,1,"{""above target"": 2, ""cut"": 2, ""deterioration"": 3, ""disinflation"": 2, ""gradual"": 2, ""higher inflation"": 1, ""hike"": 2, ""inflationary pressures"": 2, ""moderating"": 1, ""persistent inflation"": 1, ""price pressures"": 4, ""raise"": 4, ""raising"": 2, ""rate increases"": 1, ""resilient"": 2, ""restrictive"": 2, ""robust"": 2, ""subdued"": 1, ""supportive"": 1, ""tighten"": 1, ""tightening"": 3, ""tighter monetary policy"": 1, ""uncertain"": 3, ""uncertainty"": 6, ""upward pressure"": 1, ""wait"": 2}",1.0213cd75
BCE,2026-09-30,Frank Elderson,"Supervisory risk appetite, efficiency and effectiveness",https://www.ecb.europa.eu/press/key/date/html/index.en.html,2513,7,9,-0.125,14,1,0,"{""cut"": 1, ""resilient"": 3, ""strong"": 4, ""support"": 2, ""uncertain"": 2, ""uncertainty"": 1, ""weakening"": 1}",1.0213cd75
Fed,2026-10-01,Philip N. Jefferson,The U.S. Economy and Monetary Policy,https://www.federalreserve.gov/newsevents/speech/jefferson20261001a.htm,1635,17,10,0.259,19,28,1,"{""determined"": 1, ""disinflation"": 1, ""inflation has eased"": 1, ""inflation is too high"": 1, ""persistent inflation"": 1, ""raise the target range"": 1, ""resilient"": 1, ""softening"": 1, ""solid"": 3, ""strong"": 2, ""support"": 1, ""too high"": 1, ""uncertainty"": 3, ""upside risks"": 1}",1.0213cd75
Fed,2026-10-01,Michelle W. Bowman,Modernizing Financial Regulation: Initial Observations from eSLR,https://www.federalreserve.gov/newsevents/speech/bowman20261001a.htm,2113,2,2,0.0,3,1,0,"{""support"": 2, ""tightening"": 1}",1.0213cd75
Fed,2026-10-01,Christopher J. Waller,The Data Version of Godzilla versus Kong: FRED Takes on AI,https://www.federalreserve.gov/newsevents/speech/waller20261001a.htm,1317,0,1,-1.0,1,1,0,"{""wait"": 1}",1.0213cd75
BoJ,2026-10-05,Shinichi Uchida,"""AI, Big Data, and Monetary Policy"" (Opening Remarks at the ECONDAT 2026 Fall Meeting)",https://www.boj.or.jp/en/about/press/koen_2026/ko261005a.htm,2069,5,4,0.111,7,21,1,"{""accommodative"": 1, ""gradual"": 1, ""raise"": 1, ""raising"": 1, ""recession"": 1, ""upward pressure"": 2}",1.0213cd75
Fed,2026-10-06,Michelle W. Bowman,Modernizing the Regulatory and Supervisory Landscape,https://www.federalreserve.gov/newsevents/speech/bowman20261006a.htm,2964,4,10,-0.429,13,1,0,"{""deterioration"": 1, ""firm"": 2, ""robust"": 1, ""strong"": 1, ""support"": 8}",1.0213cd75
Fed,2026-10-08,Christopher J. Waller,The Signaling Value of the Summary of Economic Projections,https://www.federalreserve.gov/newsevents/speech/waller20261008a.htm,1997,64,19,0.542,47,30,1,"{""cut"": 1, ""cuts"": 2, ""determined"": 1, ""easing"": 1, ""hike"": 3, ""hikes"": 19, ""inflation is too high"": 1, ""moderated"": 1, ""more restrictive"": 1, ""raise"": 2, ""raise the policy rate"": 1, ""raising the policy rate"": 1, ""slowdown"": 2, ""solid"": 1, ""strong"": 1, ""support"": 2, ""tightening"": 1, ""tighter monetary policy"": 1, ""too high"": 1, ""uncertainty"": 2, ""upward pressure"": 1, ""weakening"": 1}",1.0213cd75
